relative_path	size_bytes	present_path	status
.codacy/cli.sh	7099	/srv/agents/repos/callscore-workplane/apps/callscore-web/.codacy/cli.sh	hash_match
.codacy/codacy.yaml	271	/srv/agents/repos/callscore-workplane/apps/callscore-web/.codacy/codacy.yaml	hash_match
.dockerignore	157	/srv/agents/repos/callscore-workplane/apps/callscore-web/.dockerignore	hash_match
.eslintrc.json	66	/srv/agents/repos/callscore-workplane/apps/callscore-web/.eslintrc.json	hash_match
.github/copilot-instructions.md	6065	/srv/agents/repos/callscore-workplane/apps/callscore-web/.github/copilot-instructions.md	hash_match
.github/skills/whop-docs/SKILL.md	6013	/srv/agents/repos/callscore-workplane/apps/callscore-web/.github/skills/whop-docs/SKILL.md	hash_match
.github/skills/whop-docs/scripts/search-whop-docs.mjs	2511	/srv/agents/repos/callscore-workplane/apps/callscore-web/.github/skills/whop-docs/scripts/search-whop-docs.mjs	hash_match
.github/workflows/ci.yml	778	/srv/agents/repos/callscore-workplane/apps/callscore-web/.github/workflows/ci.yml	hash_match
.gitignore	630	/srv/agents/repos/callscore-workplane/apps/callscore-web/.gitignore	hash_match
.kilo/agent/adopt-planner.md	3048	/srv/agents/repos/callscore-workplane/apps/callscore-web/.kilo/agent/adopt-planner.md	hash_match
.kilo/agent/critic.md	1808	/srv/agents/repos/callscore-workplane/apps/callscore-web/.kilo/agent/critic.md	hash_match
.kilo/agent/deploy-planner.md	1811	/srv/agents/repos/callscore-workplane/apps/callscore-web/.kilo/agent/deploy-planner.md	hash_match
.kilo/skills/file-organizer/SKILL.md	11642	/srv/agents/repos/callscore-workplane/apps/callscore-web/.kilo/skills/file-organizer/SKILL.md	hash_match
.kilo/skills/file-organizer/local.patch	771	/srv/agents/repos/callscore-workplane/apps/callscore-web/.kilo/skills/file-organizer/local.patch	hash_match
.new-FE-design/phase-1-ia-tokens-v0.2.html	50594	/srv/agents/repos/callscore-workplane/apps/callscore-web/.new-FE-design/phase-1-ia-tokens-v0.2.html	hash_match
.new-FE-design/phase-1-ia-tokens.html	98321	/srv/agents/repos/callscore-workplane/apps/callscore-web/.new-FE-design/phase-1-ia-tokens.html	hash_match
.new-FE-design/phase-2-components-screens-v0.2.html	205976	/srv/agents/repos/callscore-workplane/apps/callscore-web/.new-FE-design/phase-2-components-screens-v0.2.html	hash_match
.new-FE-design/phase-2-components-screens.html	131684	/srv/agents/repos/callscore-workplane/apps/callscore-web/.new-FE-design/phase-2-components-screens.html	hash_match
.new-FE-design/phase-3-d4-pricing-v0.1.html	51045	/srv/agents/repos/callscore-workplane/apps/callscore-web/.new-FE-design/phase-3-d4-pricing-v0.1.html	hash_match
.new-FE-design/phase-3-d5-metric-hover-library-v0.1 (1).html	61443	/srv/agents/repos/callscore-workplane/apps/callscore-web/.new-FE-design/phase-3-d5-metric-hover-library-v0.1 (1).html	hash_match
.new-FE-design/phase-3-d5-metric-hover-library-v0.1.html	53216	/srv/agents/repos/callscore-workplane/apps/callscore-web/.new-FE-design/phase-3-d5-metric-hover-library-v0.1.html	hash_match
.new-FE-design/phase-3-d6-mobile-responsive-v0.1.html	88833	/srv/agents/repos/callscore-workplane/apps/callscore-web/.new-FE-design/phase-3-d6-mobile-responsive-v0.1.html	hash_match
.new-FE-design/phase-3-screens-v0.1.html	159864	/srv/agents/repos/callscore-workplane/apps/callscore-web/.new-FE-design/phase-3-screens-v0.1.html	hash_match
.new-FE-design/phase-3-screens-v0.2.html	238227	/srv/agents/repos/callscore-workplane/apps/callscore-web/.new-FE-design/phase-3-screens-v0.2.html	hash_match
.new-FE-design/phase-3-screens-v0.3.html	300339	/srv/agents/repos/callscore-workplane/apps/callscore-web/.new-FE-design/phase-3-screens-v0.3.html	hash_match
.vercelignore	73	/srv/agents/repos/callscore-workplane/apps/callscore-web/.vercelignore	hash_match
.whop-pipeline.json	452	/srv/agents/repos/callscore-workplane/apps/callscore-web/.whop-pipeline.json	hash_match
AGENTS.md	27058	/srv/agents/repos/callscore-workplane/apps/callscore-web/AGENTS.md	hash_match
CALLSCORE-DATA-PIPELINE-AUDIT-2026-05-01.md	18255	/srv/agents/repos/callscore-workplane/apps/callscore-web/CALLSCORE-DATA-PIPELINE-AUDIT-2026-05-01.md	hash_match
CLAUDE.md	14386	/srv/agents/repos/callscore-workplane/apps/callscore-web/CLAUDE.md	hash_match
Dockerfile.hermes	1105	/srv/agents/repos/callscore-workplane/apps/callscore-web/Dockerfile.hermes	hash_match
README.md	19624	/srv/agents/repos/callscore-workplane/apps/callscore-web/README.md	hash_match
callscore-g10-approval-packet/G10_RELEASE_SIGNOFF_EVIDENCE.md	3809	/srv/agents/repos/callscore-workplane/apps/callscore-web/callscore-g10-approval-packet/G10_RELEASE_SIGNOFF_EVIDENCE.md	hash_match
callscore-g10-approval-packet/G10_REMAINING_BLOCKERS.md	1940	/srv/agents/repos/callscore-workplane/apps/callscore-web/callscore-g10-approval-packet/G10_REMAINING_BLOCKERS.md	hash_match
callscore-g10-approval-packet/G10_SIGNOFF_LEDGER.md	1505	/srv/agents/repos/callscore-workplane/apps/callscore-web/callscore-g10-approval-packet/G10_SIGNOFF_LEDGER.md	hash_match
callscore-g10-approval-packet/GATE_STATUS.md	2506	/srv/agents/repos/callscore-workplane/apps/callscore-web/callscore-g10-approval-packet/GATE_STATUS.md	hash_match
callscore-g10-approval-packet/KANBAN.md	5891	/srv/agents/repos/callscore-workplane/apps/callscore-web/callscore-g10-approval-packet/KANBAN.md	hash_match
callscore-g10-approval-packet/RELEASE_CHECKLIST.md	2805	/srv/agents/repos/callscore-workplane/apps/callscore-web/callscore-g10-approval-packet/RELEASE_CHECKLIST.md	hash_match
callscore-g10-approval-packet/approval-request/ASSET_INDEX.md	1041	/srv/agents/repos/callscore-workplane/apps/callscore-web/callscore-g10-approval-packet/approval-request/ASSET_INDEX.md	hash_match
callscore-g10-approval-packet/approval-request/EMAIL_BODY.md	2015	/srv/agents/repos/callscore-workplane/apps/callscore-web/callscore-g10-approval-packet/approval-request/EMAIL_BODY.md	hash_match
callscore-g10-approval-packet/approval-request/FORMAL_G10_APPROVAL_REQUEST.md	3544	/srv/agents/repos/callscore-workplane/apps/callscore-web/callscore-g10-approval-packet/approval-request/FORMAL_G10_APPROVAL_REQUEST.md	hash_match
callscore-g10-approval-packet/launch-batch/MANIFEST.md	3820	/srv/agents/repos/callscore-workplane/apps/callscore-web/callscore-g10-approval-packet/launch-batch/MANIFEST.md	hash_match
callscore-g10-approval-packet/launch-batch/PAYLOAD_APPROVAL_LEDGER.md	4889	/srv/agents/repos/callscore-workplane/apps/callscore-web/callscore-g10-approval-packet/launch-batch/PAYLOAD_APPROVAL_LEDGER.md	hash_match
callscore-g10-approval-packet/launch-batch/ROLLBACK_PLAN.md	417	/srv/agents/repos/callscore-workplane/apps/callscore-web/callscore-g10-approval-packet/launch-batch/ROLLBACK_PLAN.md	hash_match
callscore-g10-approval-packet/launch-batch/drafts/correction_log_page.json	700	/srv/agents/repos/callscore-workplane/apps/callscore-web/callscore-g10-approval-packet/launch-batch/drafts/correction_log_page.json	hash_match
callscore-g10-approval-packet/launch-batch/drafts/creator_page_1.json	1120	/srv/agents/repos/callscore-workplane/apps/callscore-web/callscore-g10-approval-packet/launch-batch/drafts/creator_page_1.json	hash_match
callscore-g10-approval-packet/launch-batch/drafts/creator_page_2.json	1120	/srv/agents/repos/callscore-workplane/apps/callscore-web/callscore-g10-approval-packet/launch-batch/drafts/creator_page_2.json	hash_match
callscore-g10-approval-packet/launch-batch/drafts/creator_page_3.json	1130	/srv/agents/repos/callscore-workplane/apps/callscore-web/callscore-g10-approval-packet/launch-batch/drafts/creator_page_3.json	hash_match
callscore-g10-approval-packet/launch-batch/drafts/creator_page_4.json	1120	/srv/agents/repos/callscore-workplane/apps/callscore-web/callscore-g10-approval-packet/launch-batch/drafts/creator_page_4.json	hash_match
callscore-g10-approval-packet/launch-batch/drafts/creator_page_5.json	1115	/srv/agents/repos/callscore-workplane/apps/callscore-web/callscore-g10-approval-packet/launch-batch/drafts/creator_page_5.json	hash_match
callscore-g10-approval-packet/launch-batch/drafts/github_methodology_repo.json	766	/srv/agents/repos/callscore-workplane/apps/callscore-web/callscore-g10-approval-packet/launch-batch/drafts/github_methodology_repo.json	hash_match
callscore-g10-approval-packet/launch-batch/drafts/launch_actions.json	18493	/srv/agents/repos/callscore-workplane/apps/callscore-web/callscore-g10-approval-packet/launch-batch/drafts/launch_actions.json	hash_match
callscore-g10-approval-packet/launch-batch/drafts/methodology_page.json	752	/srv/agents/repos/callscore-workplane/apps/callscore-web/callscore-g10-approval-packet/launch-batch/drafts/methodology_page.json	hash_match
callscore-g10-approval-packet/launch-batch/drafts/scorecard_1.json	2557	/srv/agents/repos/callscore-workplane/apps/callscore-web/callscore-g10-approval-packet/launch-batch/drafts/scorecard_1.json	hash_match
callscore-g10-approval-packet/launch-batch/drafts/scorecard_2.json	2561	/srv/agents/repos/callscore-workplane/apps/callscore-web/callscore-g10-approval-packet/launch-batch/drafts/scorecard_2.json	hash_match
callscore-g10-approval-packet/launch-batch/drafts/scorecard_3.json	2565	/srv/agents/repos/callscore-workplane/apps/callscore-web/callscore-g10-approval-packet/launch-batch/drafts/scorecard_3.json	hash_match
callscore-g10-approval-packet/launch-batch/drafts/scorecard_4.json	2558	/srv/agents/repos/callscore-workplane/apps/callscore-web/callscore-g10-approval-packet/launch-batch/drafts/scorecard_4.json	hash_match
callscore-g10-approval-packet/launch-batch/drafts/scorecard_5.json	2551	/srv/agents/repos/callscore-workplane/apps/callscore-web/callscore-g10-approval-packet/launch-batch/drafts/scorecard_5.json	hash_match
callscore-g10-approval-packet/launch-batch/drafts/weekly_digest.json	2008	/srv/agents/repos/callscore-workplane/apps/callscore-web/callscore-g10-approval-packet/launch-batch/drafts/weekly_digest.json	hash_match
callscore-g10-approval-packet/reviews/M10-architecture-gate-review.md	1333	/srv/agents/repos/callscore-workplane/apps/callscore-web/callscore-g10-approval-packet/reviews/M10-architecture-gate-review.md	hash_match
callscore-g10-approval-packet/reviews/M10-code-review.md	1648	/srv/agents/repos/callscore-workplane/apps/callscore-web/callscore-g10-approval-packet/reviews/M10-code-review.md	hash_match
callscore-g10-approval-packet/reviews/M10-documentation-board-review.md	1008	/srv/agents/repos/callscore-workplane/apps/callscore-web/callscore-g10-approval-packet/reviews/M10-documentation-board-review.md	hash_match
callscore-g10-approval-packet/reviews/M10-security-review.md	1451	/srv/agents/repos/callscore-workplane/apps/callscore-web/callscore-g10-approval-packet/reviews/M10-security-review.md	hash_match
callscore-g10-approval-packet/reviews/M10-synthesis.md	1918	/srv/agents/repos/callscore-workplane/apps/callscore-web/callscore-g10-approval-packet/reviews/M10-synthesis.md	hash_match
callscore-g10-approval-packet/reviews/M10-test-contract-review.md	1164	/srv/agents/repos/callscore-workplane/apps/callscore-web/callscore-g10-approval-packet/reviews/M10-test-contract-review.md	hash_match
callscore-g10-approval-packet/trust-assets/BINARYBARON_BRAND_GUIDE.md	226	/srv/agents/repos/callscore-workplane/apps/callscore-web/callscore-g10-approval-packet/trust-assets/BINARYBARON_BRAND_GUIDE.md	hash_match
callscore-g10-approval-packet/trust-assets/CORRECTION_POLICY.md	214	/srv/agents/repos/callscore-workplane/apps/callscore-web/callscore-g10-approval-packet/trust-assets/CORRECTION_POLICY.md	hash_match
callscore-g10-approval-packet/trust-assets/DISCLAIMER.md	182	/srv/agents/repos/callscore-workplane/apps/callscore-web/callscore-g10-approval-packet/trust-assets/DISCLAIMER.md	hash_match
callscore-g10-approval-packet/trust-assets/METHODOLOGY.md	276	/srv/agents/repos/callscore-workplane/apps/callscore-web/callscore-g10-approval-packet/trust-assets/METHODOLOGY.md	hash_match
callscore-g10-approval-packet/trust-assets/RIGHT_OF_REPLY_POLICY.md	261	/srv/agents/repos/callscore-workplane/apps/callscore-web/callscore-g10-approval-packet/trust-assets/RIGHT_OF_REPLY_POLICY.md	hash_match
callscore-g10-approval-packet/trust-assets/SAMPLE_SIZE_CAVEAT.md	186	/srv/agents/repos/callscore-workplane/apps/callscore-web/callscore-g10-approval-packet/trust-assets/SAMPLE_SIZE_CAVEAT.md	hash_match
data/audit/terminal-publication-dates.jsonl	1064	/srv/agents/repos/callscore-workplane/apps/callscore-web/data/audit/terminal-publication-dates.jsonl	hash_match
data/eval/call-extraction-fixtures.jsonl	5329	/srv/agents/repos/callscore-workplane/apps/callscore-web/data/eval/call-extraction-fixtures.jsonl	hash_match
docker-compose.yml	3578	/srv/agents/repos/callscore-workplane/apps/callscore-web/docker-compose.yml	hash_match
docs/agentic-architecture/clean-go-forward-state.md	4246	/srv/agents/repos/callscore-workplane/apps/callscore-web/docs/agentic-architecture/clean-go-forward-state.md	hash_match
docs/architecture/callscore-agentic-platform.md	5122	/srv/agents/repos/callscore-workplane/apps/callscore-web/docs/architecture/callscore-agentic-platform.md	hash_match
docs/architecture/callscore-agentic-platform.mmd	3993	/srv/agents/repos/callscore-workplane/apps/callscore-web/docs/architecture/callscore-agentic-platform.mmd	hash_match
docs/architecture/callscore-gtm-agent-registry.mmd	1932	/srv/agents/repos/callscore-workplane/apps/callscore-web/docs/architecture/callscore-gtm-agent-registry.mmd	hash_match
docs/audits/gemma-production-shadow-sample-fullcover-20260613T155241Z.summary.json	1974	/srv/agents/repos/callscore-workplane/apps/callscore-web/docs/audits/gemma-production-shadow-sample-fullcover-20260613T155241Z.summary.json	hash_match
docs/audits/hermes-agentic-system-map.mmd	14180	/srv/agents/repos/callscore-workplane/apps/callscore-web/docs/audits/hermes-agentic-system-map.mmd	hash_match
docs/audits/hermes-agentic-workflow-audit.md	58320	/srv/agents/repos/callscore-workplane/apps/callscore-web/docs/audits/hermes-agentic-workflow-audit.md	hash_match
docs/call-score-marketing-strategy.md	8714	/srv/agents/repos/callscore-workplane/apps/callscore-web/docs/call-score-marketing-strategy.md	hash_match
docs/checkout-return-cancel-checklist.md	1604	/srv/agents/repos/callscore-workplane/apps/callscore-web/docs/checkout-return-cancel-checklist.md	hash_match
docs/copy-corrections.md	1086	/srv/agents/repos/callscore-workplane/apps/callscore-web/docs/copy-corrections.md	hash_match
docs/current-pipeline-entrypoints.md	1656	/srv/agents/repos/callscore-workplane/apps/callscore-web/docs/current-pipeline-entrypoints.md	hash_match
docs/diagrams/_test-min.excalidraw	1725	/srv/agents/repos/callscore-workplane/apps/callscore-web/docs/diagrams/_test-min.excalidraw	hash_match
docs/diagrams/pipeline-flow.excalidraw	141412	/srv/agents/repos/callscore-workplane/apps/callscore-web/docs/diagrams/pipeline-flow.excalidraw	hash_match
docs/frontend-build-agent-prompt.md	20944	/srv/agents/repos/callscore-workplane/apps/callscore-web/docs/frontend-build-agent-prompt.md	hash_match
docs/frontend-design-spec.md	214741	/srv/agents/repos/callscore-workplane/apps/callscore-web/docs/frontend-design-spec.md	hash_match
docs/global-creator-approval-list.md	72685	/srv/agents/repos/callscore-workplane/apps/callscore-web/docs/global-creator-approval-list.md	hash_match
docs/global-creator-approval-sanity.json	369747	/srv/agents/repos/callscore-workplane/apps/callscore-web/docs/global-creator-approval-sanity.json	hash_match
docs/global-creator-channel-verification.json	248503	/srv/agents/repos/callscore-workplane/apps/callscore-web/docs/global-creator-channel-verification.json	hash_match
docs/global-creator-channel-verification.md	88301	/srv/agents/repos/callscore-workplane/apps/callscore-web/docs/global-creator-channel-verification.md	hash_match
docs/global-creator-current-db-coverage.md	7442	/srv/agents/repos/callscore-workplane/apps/callscore-web/docs/global-creator-current-db-coverage.md	hash_match
docs/global-creator-firecrawl-search.json	81035	/srv/agents/repos/callscore-workplane/apps/callscore-web/docs/global-creator-firecrawl-search.json	hash_match
docs/global-creator-firecrawl-search.md	25094	/srv/agents/repos/callscore-workplane/apps/callscore-web/docs/global-creator-firecrawl-search.md	hash_match
docs/global-creator-high-level-opinion.md	22600	/srv/agents/repos/callscore-workplane/apps/callscore-web/docs/global-creator-high-level-opinion.md	hash_match
docs/global-creator-review-shortlist.md	29059	/srv/agents/repos/callscore-workplane/apps/callscore-web/docs/global-creator-review-shortlist.md	hash_match
docs/handovers/2026-06-14-hermes-agent-callscore-activation.md	37888	/srv/agents/repos/callscore-workplane/apps/callscore-web/docs/handovers/2026-06-14-hermes-agent-callscore-activation.md	hash_match
docs/hermes-pipeline.md	5333	/srv/agents/repos/callscore-workplane/apps/callscore-web/docs/hermes-pipeline.md	hash_match
docs/legacy-infra-superseded.md	1045	/srv/agents/repos/callscore-workplane/apps/callscore-web/docs/legacy-infra-superseded.md	hash_match
docs/methodology-rubric-certification.md	10497	/srv/agents/repos/callscore-workplane/apps/callscore-web/docs/methodology-rubric-certification.md	hash_match
docs/ml/call-extraction-eval.md	4305	/srv/agents/repos/callscore-workplane/apps/callscore-web/docs/ml/call-extraction-eval.md	hash_match
docs/ml/local-extractor-benchmark.md	8044	/srv/agents/repos/callscore-workplane/apps/callscore-web/docs/ml/local-extractor-benchmark.md	hash_match
docs/ops/2026-06-14-full-system-live-canary-gate-decisions.md	5795	/srv/agents/repos/callscore-workplane/apps/callscore-web/docs/ops/2026-06-14-full-system-live-canary-gate-decisions.md	hash_match
docs/ops/2026-06-15-x-twitter-public-canary-approval-packet.md	11451	/srv/agents/repos/callscore-workplane/apps/callscore-web/docs/ops/2026-06-15-x-twitter-public-canary-approval-packet.md	hash_match
docs/ops/callscore-canonical-env-manifest.md	21398	/srv/agents/repos/callscore-workplane/apps/callscore-web/docs/ops/callscore-canonical-env-manifest.md	hash_match
docs/ops/callscore-gtm-agent-registry.json	42843	/srv/agents/repos/callscore-workplane/apps/callscore-web/docs/ops/callscore-gtm-agent-registry.json	hash_match
docs/ops/callscore-gtm-agent-registry.md	11134	/srv/agents/repos/callscore-workplane/apps/callscore-web/docs/ops/callscore-gtm-agent-registry.md	hash_match
docs/ops/freshness-certification.md	4673	/srv/agents/repos/callscore-workplane/apps/callscore-web/docs/ops/freshness-certification.md	hash_match
docs/ops/hermes-skill-canonicalization-audit.md	6624	/srv/agents/repos/callscore-workplane/apps/callscore-web/docs/ops/hermes-skill-canonicalization-audit.md	hash_match
docs/ops/hh-media-fallback.md	1965	/srv/agents/repos/callscore-workplane/apps/callscore-web/docs/ops/hh-media-fallback.md	hash_match
docs/ops/laptop-transcript-collector.md	6435	/srv/agents/repos/callscore-workplane/apps/callscore-web/docs/ops/laptop-transcript-collector.md	hash_match
docs/ops/transcript-extraction-waterfall.md	1986	/srv/agents/repos/callscore-workplane/apps/callscore-web/docs/ops/transcript-extraction-waterfall.md	hash_match
docs/ops/whop-auto-certification.md	16708	/srv/agents/repos/callscore-workplane/apps/callscore-web/docs/ops/whop-auto-certification.md	hash_match
docs/ops/workplane-readiness-audit.md	6945	/srv/agents/repos/callscore-workplane/apps/callscore-web/docs/ops/workplane-readiness-audit.md	hash_match
docs/plans/2026-06-06-creator-admission-gate.md	3756	/srv/agents/repos/callscore-workplane/apps/callscore-web/docs/plans/2026-06-06-creator-admission-gate.md	hash_match
docs/plans/2026-06-11-callscore-canonical-master-plan.md	293570	/srv/agents/repos/callscore-workplane/apps/callscore-web/docs/plans/2026-06-11-callscore-canonical-master-plan.md	hash_match
docs/plans/2026-06-12-art-of-war-internal-planning.md	7112	/srv/agents/repos/callscore-workplane/apps/callscore-web/docs/plans/2026-06-12-art-of-war-internal-planning.md	hash_match
docs/plans/2026-06-12-callscore-growth-intelligence-pack.md	13476	/srv/agents/repos/callscore-workplane/apps/callscore-web/docs/plans/2026-06-12-callscore-growth-intelligence-pack.md	hash_match
docs/plans/2026-06-12-controlled-autonomous-runtime-execution-plan.md	1695	/srv/agents/repos/callscore-workplane/apps/callscore-web/docs/plans/2026-06-12-controlled-autonomous-runtime-execution-plan.md	hash_match
docs/plans/2026-06-12-controlled-autonomous-runtime-review.md	7402	/srv/agents/repos/callscore-workplane/apps/callscore-web/docs/plans/2026-06-12-controlled-autonomous-runtime-review.md	hash_match
docs/public-audit.md	7787	/srv/agents/repos/callscore-workplane/apps/callscore-web/docs/public-audit.md	hash_match
docs/specialist-extraction-model-research.md	8376	/srv/agents/repos/callscore-workplane/apps/callscore-web/docs/specialist-extraction-model-research.md	hash_match
docs/superpowers/plans/2026-04-29-frontend-component-pass.md	51079	/srv/agents/repos/callscore-workplane/apps/callscore-web/docs/superpowers/plans/2026-04-29-frontend-component-pass.md	hash_match
docs/superpowers/plans/2026-04-29-frontend-foundation-pass.md	44551	/srv/agents/repos/callscore-workplane/apps/callscore-web/docs/superpowers/plans/2026-04-29-frontend-foundation-pass.md	hash_match
docs/superpowers/plans/2026-04-29-frontend-page-pass.md	69320	/srv/agents/repos/callscore-workplane/apps/callscore-web/docs/superpowers/plans/2026-04-29-frontend-page-pass.md	hash_match
docs/superpowers/plans/2026-05-03-full-backtest-lab.md	4961	/srv/agents/repos/callscore-workplane/apps/callscore-web/docs/superpowers/plans/2026-05-03-full-backtest-lab.md	hash_match
docs/superpowers/plans/2026-05-04-settings-product-surfaces.md	5078	/srv/agents/repos/callscore-workplane/apps/callscore-web/docs/superpowers/plans/2026-05-04-settings-product-surfaces.md	hash_match
docs/superpowers/plans/README.md	4606	/srv/agents/repos/callscore-workplane/apps/callscore-web/docs/superpowers/plans/README.md	hash_match
docs/superpowers/specs/2026-04-06-crypto-tuber-ranked-design.md	7272	/srv/agents/repos/callscore-workplane/apps/callscore-web/docs/superpowers/specs/2026-04-06-crypto-tuber-ranked-design.md	hash_match
docs/zero65-serpapi-transcript-candidates.csv	65955	/srv/agents/repos/callscore-workplane/apps/callscore-web/docs/zero65-serpapi-transcript-candidates.csv	hash_match
docs/zero65-transcript-backfill-targets.csv	3635	/srv/agents/repos/callscore-workplane/apps/callscore-web/docs/zero65-transcript-backfill-targets.csv	hash_match
middleware.ts	1594	/srv/agents/repos/callscore-workplane/apps/callscore-web/middleware.ts	hash_match
migrations/001-watchlists.sql	1549	/srv/agents/repos/callscore-workplane/apps/callscore-web/migrations/001-watchlists.sql	hash_match
migrations/002-call-revisions.sql	1378	/srv/agents/repos/callscore-workplane/apps/callscore-web/migrations/002-call-revisions.sql	hash_match
migrations/003-call-revisions-revised-id.sql	649	/srv/agents/repos/callscore-workplane/apps/callscore-web/migrations/003-call-revisions-revised-id.sql	hash_match
migrations/004-alert-unsubscribes.sql	256	/srv/agents/repos/callscore-workplane/apps/callscore-web/migrations/004-alert-unsubscribes.sql	hash_match
migrations/005-alpha-platform.sql	1578	/srv/agents/repos/callscore-workplane/apps/callscore-web/migrations/005-alpha-platform.sql	hash_match
migrations/006-autonomous-ml-pipeline.sql	5666	/srv/agents/repos/callscore-workplane/apps/callscore-web/migrations/006-autonomous-ml-pipeline.sql	hash_match
migrations/007-product-surface-observability.sql	768	/srv/agents/repos/callscore-workplane/apps/callscore-web/migrations/007-product-surface-observability.sql	hash_match
migrations/008-candles-guardrails.sql	829	/srv/agents/repos/callscore-workplane/apps/callscore-web/migrations/008-candles-guardrails.sql	hash_match
migrations/009-validate-candles-open-time.sql	505	/srv/agents/repos/callscore-workplane/apps/callscore-web/migrations/009-validate-candles-open-time.sql	hash_match
migrations/010-pipeline-heartbeats.sql	395	/srv/agents/repos/callscore-workplane/apps/callscore-web/migrations/010-pipeline-heartbeats.sql	hash_match
migrations/011-candle-daily-closes.sql	790	/srv/agents/repos/callscore-workplane/apps/callscore-web/migrations/011-candle-daily-closes.sql	hash_match
migrations/012-video-transcript-status.sql	2066	/srv/agents/repos/callscore-workplane/apps/callscore-web/migrations/012-video-transcript-status.sql	hash_match
migrations/013-llm-gold-examples.sql	1568	/srv/agents/repos/callscore-workplane/apps/callscore-web/migrations/013-llm-gold-examples.sql	hash_match
migrations/014-ml-promotion-audit.sql	2008	/srv/agents/repos/callscore-workplane/apps/callscore-web/migrations/014-ml-promotion-audit.sql	hash_match
migrations/015-candles-symbol-open-time.sql	239	/srv/agents/repos/callscore-workplane/apps/callscore-web/migrations/015-candles-symbol-open-time.sql	hash_match
migrations/016-ml-verifier-missing-evidence.sql	1535	/srv/agents/repos/callscore-workplane/apps/callscore-web/migrations/016-ml-verifier-missing-evidence.sql	hash_match
migrations/017-pipeline-job-metrics.sql	238	/srv/agents/repos/callscore-workplane/apps/callscore-web/migrations/017-pipeline-job-metrics.sql	hash_match
migrations/018-add-pipeline-phase.sql	283	/srv/agents/repos/callscore-workplane/apps/callscore-web/migrations/018-add-pipeline-phase.sql	hash_match
migrations/019-ml-verifier-reason-code-lookup.sql	1862	/srv/agents/repos/callscore-workplane/apps/callscore-web/migrations/019-ml-verifier-reason-code-lookup.sql	hash_match
migrations/020-pipeline-job-lease-expiry.sql	458	/srv/agents/repos/callscore-workplane/apps/callscore-web/migrations/020-pipeline-job-lease-expiry.sql	hash_match
migrations/021-launch-pipeline-ops.sql	1104	/srv/agents/repos/callscore-workplane/apps/callscore-web/migrations/021-launch-pipeline-ops.sql	hash_match
netlify.toml	704	/srv/agents/repos/callscore-workplane/apps/callscore-web/netlify.toml	hash_match
netlify/functions/cron-alerts-scan.js	601	/srv/agents/repos/callscore-workplane/apps/callscore-web/netlify/functions/cron-alerts-scan.js	hash_match
netlify/functions/cron-alerts-send.js	601	/srv/agents/repos/callscore-workplane/apps/callscore-web/netlify/functions/cron-alerts-send.js	hash_match
netlify/functions/cron-candles-enqueue.js	2865	/srv/agents/repos/callscore-workplane/apps/callscore-web/netlify/functions/cron-candles-enqueue.js	hash_match
netlify/functions/cron-match-enqueue.js	2312	/srv/agents/repos/callscore-workplane/apps/callscore-web/netlify/functions/cron-match-enqueue.js	hash_match
netlify/functions/cron-ml-enqueue.js	2035	/srv/agents/repos/callscore-workplane/apps/callscore-web/netlify/functions/cron-ml-enqueue.js	hash_match
netlify/functions/cron-scores-enqueue.js	1976	/srv/agents/repos/callscore-workplane/apps/callscore-web/netlify/functions/cron-scores-enqueue.js	hash_match
netlify/functions/cron-weekly.js	687	/srv/agents/repos/callscore-workplane/apps/callscore-web/netlify/functions/cron-weekly.js	hash_match
next.config.js	1167	/srv/agents/repos/callscore-workplane/apps/callscore-web/next.config.js	hash_match
ops/ollama/Modelfile.callscore-gemma4-eval-extractor	1882	/srv/agents/repos/callscore-workplane/apps/callscore-web/ops/ollama/Modelfile.callscore-gemma4-eval-extractor	hash_match
ops/ollama/Modelfile.callscore-gemma4-extractor	3258	/srv/agents/repos/callscore-workplane/apps/callscore-web/ops/ollama/Modelfile.callscore-gemma4-extractor	hash_match
ops/ollama/Modelfile.callscore-qwen25-3b-extractor	1815	/srv/agents/repos/callscore-workplane/apps/callscore-web/ops/ollama/Modelfile.callscore-qwen25-3b-extractor	hash_match
ops/systemd/hermes-worker.service	382	/srv/agents/repos/callscore-workplane/apps/callscore-web/ops/systemd/hermes-worker.service	hash_match
package-lock.json	270394	/srv/agents/repos/callscore-workplane/apps/callscore-web/package-lock.json	hash_match
package.json	5937	/srv/agents/repos/callscore-workplane/apps/callscore-web/package.json	hash_match
postcss.config.mjs	157	/srv/agents/repos/callscore-workplane/apps/callscore-web/postcss.config.mjs	hash_match
public/apple-touch-icon.png	23774	/srv/agents/repos/callscore-workplane/apps/callscore-web/public/apple-touch-icon.png	hash_match
public/brand/binary-baron-footer-transparent-tight.png	87397	/srv/agents/repos/callscore-workplane/apps/callscore-web/public/brand/binary-baron-footer-transparent-tight.png	hash_match
public/brand/binary-baron-footer-transparent.png	239181	/srv/agents/repos/callscore-workplane/apps/callscore-web/public/brand/binary-baron-footer-transparent.png	hash_match
public/brand/binary-baron-footer.png	235783	/srv/agents/repos/callscore-workplane/apps/callscore-web/public/brand/binary-baron-footer.png	hash_match
public/brand/callscore-alt-lockup.png	326831	/srv/agents/repos/callscore-workplane/apps/callscore-web/public/brand/callscore-alt-lockup.png	hash_match
public/brand/callscore-exact-black.svg	4488123	/srv/agents/repos/callscore-workplane/apps/callscore-web/public/brand/callscore-exact-black.svg	hash_match
public/brand/callscore-exact-transparent.svg	1294223	/srv/agents/repos/callscore-workplane/apps/callscore-web/public/brand/callscore-exact-transparent.svg	hash_match
public/brand/callscore-lockup-transparent.png	357005	/srv/agents/repos/callscore-workplane/apps/callscore-web/public/brand/callscore-lockup-transparent.png	hash_match
public/brand/callscore-shield-transparent-centered.png	122575	/srv/agents/repos/callscore-workplane/apps/callscore-web/public/brand/callscore-shield-transparent-centered.png	hash_match
public/brand/callscore-vector-trace.svg	667919	/srv/agents/repos/callscore-workplane/apps/callscore-web/public/brand/callscore-vector-trace.svg	hash_match
public/favicon-16x16.png	487	/srv/agents/repos/callscore-workplane/apps/callscore-web/public/favicon-16x16.png	hash_match
public/favicon-32x32.png	1578	/srv/agents/repos/callscore-workplane/apps/callscore-web/public/favicon-32x32.png	hash_match
public/favicon.ico	2290	/srv/agents/repos/callscore-workplane/apps/callscore-web/public/favicon.ico	hash_match
public/icon-192x192.png	26154	/srv/agents/repos/callscore-workplane/apps/callscore-web/public/icon-192x192.png	hash_match
public/icon-512x512.png	122575	/srv/agents/repos/callscore-workplane/apps/callscore-web/public/icon-512x512.png	hash_match
public/logo-icon.png	528761	/srv/agents/repos/callscore-workplane/apps/callscore-web/public/logo-icon.png	hash_match
public/logo.png	1800267	/srv/agents/repos/callscore-workplane/apps/callscore-web/public/logo.png	hash_match
public/robots.txt	84	/srv/agents/repos/callscore-workplane/apps/callscore-web/public/robots.txt	hash_match
public/site.webmanifest	357	/srv/agents/repos/callscore-workplane/apps/callscore-web/public/site.webmanifest	hash_match
schema.sql	5634	/srv/agents/repos/callscore-workplane/apps/callscore-web/schema.sql	hash_match
scripts/hermes-worker-wrapper.py	2706	/srv/agents/repos/callscore-workplane/apps/callscore-web/scripts/hermes-worker-wrapper.py	hash_match
scripts/hermes-worker-wrapper.sh	835	/srv/agents/repos/callscore-workplane/apps/callscore-web/scripts/hermes-worker-wrapper.sh	hash_match
scripts/pipeline_audit.ts	1860	/srv/agents/repos/callscore-workplane/apps/callscore-web/scripts/pipeline_audit.ts	hash_match
scripts/validate-hermes-env.ts	3610	/srv/agents/repos/callscore-workplane/apps/callscore-web/scripts/validate-hermes-env.ts	hash_match
scripts/windows/run-transcript-collector.ps1	19743	/srv/agents/repos/callscore-workplane/apps/callscore-web/scripts/windows/run-transcript-collector.ps1	hash_match
src/app/about/page.tsx	6315	/srv/agents/repos/callscore-workplane/apps/callscore-web/src/app/about/page.tsx	hash_match
src/app/alerts/page.tsx	5582	/srv/agents/repos/callscore-workplane/apps/callscore-web/src/app/alerts/page.tsx	hash_match
src/app/api/alerts/list/route.ts	1315	/srv/agents/repos/callscore-workplane/apps/callscore-web/src/app/api/alerts/list/route.ts	hash_match
src/app/api/alerts/unsubscribe/route.ts	1461	/srv/agents/repos/callscore-workplane/apps/callscore-web/src/app/api/alerts/unsubscribe/route.ts	hash_match
src/app/api/alerts/watch/helpers.ts	1535	/srv/agents/repos/callscore-workplane/apps/callscore-web/src/app/api/alerts/watch/helpers.ts	hash_match
src/app/api/alerts/watch/route.ts	4472	/srv/agents/repos/callscore-workplane/apps/callscore-web/src/app/api/alerts/watch/route.ts	hash_match
src/app/api/api-keys/route.ts	3483	/srv/agents/repos/callscore-workplane/apps/callscore-web/src/app/api/api-keys/route.ts	hash_match
src/app/api/auth/login/route.ts	1436	/srv/agents/repos/callscore-workplane/apps/callscore-web/src/app/api/auth/login/route.ts	hash_match
src/app/api/auth/logout/route.ts	673	/srv/agents/repos/callscore-workplane/apps/callscore-web/src/app/api/auth/logout/route.ts	hash_match
src/app/api/auth/review/helpers.ts	415	/srv/agents/repos/callscore-workplane/apps/callscore-web/src/app/api/auth/review/helpers.ts	hash_match
src/app/api/auth/review/route.ts	1856	/srv/agents/repos/callscore-workplane/apps/callscore-web/src/app/api/auth/review/route.ts	hash_match
src/app/api/auth/session/route.ts	690	/srv/agents/repos/callscore-workplane/apps/callscore-web/src/app/api/auth/session/route.ts	hash_match
src/app/api/auth/whop/callback/route.ts	4138	/srv/agents/repos/callscore-workplane/apps/callscore-web/src/app/api/auth/whop/callback/route.ts	hash_match
src/app/api/auth/whop/route.ts	1795	/srv/agents/repos/callscore-workplane/apps/callscore-web/src/app/api/auth/whop/route.ts	hash_match
src/app/api/backtest/[handle]/route.ts	4581	/srv/agents/repos/callscore-workplane/apps/callscore-web/src/app/api/backtest/[handle]/route.ts	hash_match
src/app/api/backtest/route.ts	6175	/srv/agents/repos/callscore-workplane/apps/callscore-web/src/app/api/backtest/route.ts	hash_match
src/app/api/checkout/[tier]/route.ts	3342	/srv/agents/repos/callscore-workplane/apps/callscore-web/src/app/api/checkout/[tier]/route.ts	hash_match
src/app/api/consensus/route.ts	2151	/srv/agents/repos/callscore-workplane/apps/callscore-web/src/app/api/consensus/route.ts	hash_match
src/app/api/creator/[id]/route.ts	7597	/srv/agents/repos/callscore-workplane/apps/callscore-web/src/app/api/creator/[id]/route.ts	hash_match
src/app/api/cron/alerts/scan/route.ts	1247	/srv/agents/repos/callscore-workplane/apps/callscore-web/src/app/api/cron/alerts/scan/route.ts	hash_match
src/app/api/cron/alerts/send/route.ts	1281	/srv/agents/repos/callscore-workplane/apps/callscore-web/src/app/api/cron/alerts/send/route.ts	hash_match
src/app/api/cron/audit/dispatch/route.ts	643	/srv/agents/repos/callscore-workplane/apps/callscore-web/src/app/api/cron/audit/dispatch/route.ts	hash_match
src/app/api/cron/candles/enqueue/route.ts	2701	/srv/agents/repos/callscore-workplane/apps/callscore-web/src/app/api/cron/candles/enqueue/route.ts	hash_match
src/app/api/cron/deadline.ts	1948	/srv/agents/repos/callscore-workplane/apps/callscore-web/src/app/api/cron/deadline.ts	hash_match
src/app/api/cron/match/enqueue/route.ts	2787	/srv/agents/repos/callscore-workplane/apps/callscore-web/src/app/api/cron/match/enqueue/route.ts	hash_match
src/app/api/cron/ml/enqueue/route.ts	2873	/srv/agents/repos/callscore-workplane/apps/callscore-web/src/app/api/cron/ml/enqueue/route.ts	hash_match
src/app/api/cron/scores/enqueue/route.ts	1440	/srv/agents/repos/callscore-workplane/apps/callscore-web/src/app/api/cron/scores/enqueue/route.ts	hash_match
src/app/api/cron/weekly/helpers.ts	7057	/srv/agents/repos/callscore-workplane/apps/callscore-web/src/app/api/cron/weekly/helpers.ts	hash_match
src/app/api/cron/weekly/route.ts	243	/srv/agents/repos/callscore-workplane/apps/callscore-web/src/app/api/cron/weekly/route.ts	hash_match
src/app/api/export/calls/route.ts	2749	/srv/agents/repos/callscore-workplane/apps/callscore-web/src/app/api/export/calls/route.ts	hash_match
src/app/api/feedback/route.ts	3819	/srv/agents/repos/callscore-workplane/apps/callscore-web/src/app/api/feedback/route.ts	hash_match
src/app/api/health/helpers.ts	1993	/srv/agents/repos/callscore-workplane/apps/callscore-web/src/app/api/health/helpers.ts	hash_match
src/app/api/health/route.ts	249	/srv/agents/repos/callscore-workplane/apps/callscore-web/src/app/api/health/route.ts	hash_match
src/app/api/leaderboard/route.ts	12920	/srv/agents/repos/callscore-workplane/apps/callscore-web/src/app/api/leaderboard/route.ts	hash_match
src/app/api/pipeline/blockers/route.ts	1414	/srv/agents/repos/callscore-workplane/apps/callscore-web/src/app/api/pipeline/blockers/route.ts	hash_match
src/app/api/pipeline/stats/route.ts	1397	/srv/agents/repos/callscore-workplane/apps/callscore-web/src/app/api/pipeline/stats/route.ts	hash_match
src/app/api/pipeline/status/route.ts	1645	/srv/agents/repos/callscore-workplane/apps/callscore-web/src/app/api/pipeline/status/route.ts	hash_match
src/app/api/v1/backtests/route.ts	1664	/srv/agents/repos/callscore-workplane/apps/callscore-web/src/app/api/v1/backtests/route.ts	hash_match
src/app/api/v1/calls/route.ts	1858	/srv/agents/repos/callscore-workplane/apps/callscore-web/src/app/api/v1/calls/route.ts	hash_match
src/app/api/v1/consensus/route.ts	1021	/srv/agents/repos/callscore-workplane/apps/callscore-web/src/app/api/v1/consensus/route.ts	hash_match
src/app/api/v1/creators/[id]/route.ts	1297	/srv/agents/repos/callscore-workplane/apps/callscore-web/src/app/api/v1/creators/[id]/route.ts	hash_match
src/app/api/v1/creators/route.ts	942	/srv/agents/repos/callscore-workplane/apps/callscore-web/src/app/api/v1/creators/route.ts	hash_match
src/app/api/v1/leaderboard/route.ts	5321	/srv/agents/repos/callscore-workplane/apps/callscore-web/src/app/api/v1/leaderboard/route.ts	hash_match
src/app/api/webhooks/route.ts	4726	/srv/agents/repos/callscore-workplane/apps/callscore-web/src/app/api/webhooks/route.ts	hash_match
src/app/api/whop/webhook/route.ts	2708	/srv/agents/repos/callscore-workplane/apps/callscore-web/src/app/api/whop/webhook/route.ts	hash_match
src/app/backtest/page.tsx	41650	/srv/agents/repos/callscore-workplane/apps/callscore-web/src/app/backtest/page.tsx	hash_match
src/app/call/[id]/page.tsx	17813	/srv/agents/repos/callscore-workplane/apps/callscore-web/src/app/call/[id]/page.tsx	hash_match
src/app/checkout/cancelled/page.tsx	3272	/srv/agents/repos/callscore-workplane/apps/callscore-web/src/app/checkout/cancelled/page.tsx	hash_match
src/app/checkout/success/page.tsx	3865	/srv/agents/repos/callscore-workplane/apps/callscore-web/src/app/checkout/success/page.tsx	hash_match
src/app/creator/[handle]/backtest/page.tsx	17735	/srv/agents/repos/callscore-workplane/apps/callscore-web/src/app/creator/[handle]/backtest/page.tsx	hash_match
src/app/creator/[handle]/page.tsx	14344	/srv/agents/repos/callscore-workplane/apps/callscore-web/src/app/creator/[handle]/page.tsx	hash_match
src/app/dashboard/[companyId]/page.tsx	2386	/srv/agents/repos/callscore-workplane/apps/callscore-web/src/app/dashboard/[companyId]/page.tsx	hash_match
src/app/experiences/[experienceId]/page.tsx	4594	/srv/agents/repos/callscore-workplane/apps/callscore-web/src/app/experiences/[experienceId]/page.tsx	hash_match
src/app/feedback/layout.tsx	436	/srv/agents/repos/callscore-workplane/apps/callscore-web/src/app/feedback/layout.tsx	hash_match
src/app/feedback/page.tsx	12044	/srv/agents/repos/callscore-workplane/apps/callscore-web/src/app/feedback/page.tsx	hash_match
src/app/fonts.ts	254	/srv/agents/repos/callscore-workplane/apps/callscore-web/src/app/fonts.ts	hash_match
src/app/globals.css	4703	/srv/agents/repos/callscore-workplane/apps/callscore-web/src/app/globals.css	hash_match
src/app/layout.tsx	2265	/srv/agents/repos/callscore-workplane/apps/callscore-web/src/app/layout.tsx	hash_match
src/app/login/page.tsx	2196	/srv/agents/repos/callscore-workplane/apps/callscore-web/src/app/login/page.tsx	hash_match
src/app/methodology/page.tsx	18702	/srv/agents/repos/callscore-workplane/apps/callscore-web/src/app/methodology/page.tsx	hash_match
src/app/opengraph-image.tsx	3328	/srv/agents/repos/callscore-workplane/apps/callscore-web/src/app/opengraph-image.tsx	hash_match
src/app/page.tsx	32657	/srv/agents/repos/callscore-workplane/apps/callscore-web/src/app/page.tsx	hash_match
src/app/pricing/page.tsx	15210	/srv/agents/repos/callscore-workplane/apps/callscore-web/src/app/pricing/page.tsx	hash_match
src/app/privacy/page.tsx	5996	/srv/agents/repos/callscore-workplane/apps/callscore-web/src/app/privacy/page.tsx	hash_match
src/app/settings/account/page.tsx	5869	/srv/agents/repos/callscore-workplane/apps/callscore-web/src/app/settings/account/page.tsx	hash_match
src/app/settings/alerts/page.tsx	15804	/srv/agents/repos/callscore-workplane/apps/callscore-web/src/app/settings/alerts/page.tsx	hash_match
src/app/settings/api/page.tsx	2992	/srv/agents/repos/callscore-workplane/apps/callscore-web/src/app/settings/api/page.tsx	hash_match
src/app/settings/billing/page.tsx	6049	/srv/agents/repos/callscore-workplane/apps/callscore-web/src/app/settings/billing/page.tsx	hash_match
src/app/settings/notifications/page.tsx	7952	/srv/agents/repos/callscore-workplane/apps/callscore-web/src/app/settings/notifications/page.tsx	hash_match
src/app/settings/page.tsx	133	/srv/agents/repos/callscore-workplane/apps/callscore-web/src/app/settings/page.tsx	hash_match
src/app/settings/team/page.tsx	4221	/srv/agents/repos/callscore-workplane/apps/callscore-web/src/app/settings/team/page.tsx	hash_match
src/app/settings/webhooks/page.tsx	3377	/srv/agents/repos/callscore-workplane/apps/callscore-web/src/app/settings/webhooks/page.tsx	hash_match
src/app/sitemap.ts	481	/srv/agents/repos/callscore-workplane/apps/callscore-web/src/app/sitemap.ts	hash_match
src/app/terms/page.tsx	8169	/srv/agents/repos/callscore-workplane/apps/callscore-web/src/app/terms/page.tsx	hash_match
src/app/transparency/page.tsx	6441	/srv/agents/repos/callscore-workplane/apps/callscore-web/src/app/transparency/page.tsx	hash_match
src/app/webhooks/page.tsx	5083	/srv/agents/repos/callscore-workplane/apps/callscore-web/src/app/webhooks/page.tsx	hash_match
src/components/AlphaScoreBadge.tsx	2051	/srv/agents/repos/callscore-workplane/apps/callscore-web/src/components/AlphaScoreBadge.tsx	hash_match
src/components/ApiKeyManager.tsx	15474	/srv/agents/repos/callscore-workplane/apps/callscore-web/src/components/ApiKeyManager.tsx	hash_match
src/components/BacktestLabCharts.tsx	11598	/srv/agents/repos/callscore-workplane/apps/callscore-web/src/components/BacktestLabCharts.tsx	hash_match
src/components/CallHistory.tsx	13293	/srv/agents/repos/callscore-workplane/apps/callscore-web/src/components/CallHistory.tsx	hash_match
src/components/CallScoreBrand.tsx	816	/srv/agents/repos/callscore-workplane/apps/callscore-web/src/components/CallScoreBrand.tsx	hash_match
src/components/ConsensusSignals.tsx	3623	/srv/agents/repos/callscore-workplane/apps/callscore-web/src/components/ConsensusSignals.tsx	hash_match
src/components/CreatorCard.tsx	3425	/srv/agents/repos/callscore-workplane/apps/callscore-web/src/components/CreatorCard.tsx	hash_match
src/components/FloatingFeedbackButton.tsx	699	/srv/agents/repos/callscore-workplane/apps/callscore-web/src/components/FloatingFeedbackButton.tsx	hash_match
src/components/Footer.tsx	4486	/srv/agents/repos/callscore-workplane/apps/callscore-web/src/components/Footer.tsx	hash_match
src/components/Header.tsx	4751	/srv/agents/repos/callscore-workplane/apps/callscore-web/src/components/Header.tsx	hash_match
src/components/Leaderboard.tsx	4171	/srv/agents/repos/callscore-workplane/apps/callscore-web/src/components/Leaderboard.tsx	hash_match
src/components/LeaderboardRow.tsx	3969	/srv/agents/repos/callscore-workplane/apps/callscore-web/src/components/LeaderboardRow.tsx	hash_match
src/components/MobileMenu.tsx	4138	/srv/agents/repos/callscore-workplane/apps/callscore-web/src/components/MobileMenu.tsx	hash_match
src/components/PerformanceChart.tsx	2704	/srv/agents/repos/callscore-workplane/apps/callscore-web/src/components/PerformanceChart.tsx	hash_match
src/components/PeriodFilter.tsx	2225	/srv/agents/repos/callscore-workplane/apps/callscore-web/src/components/PeriodFilter.tsx	hash_match
src/components/RankTierBadge.tsx	3375	/srv/agents/repos/callscore-workplane/apps/callscore-web/src/components/RankTierBadge.tsx	hash_match
src/components/ScoreBreakdown.tsx	2123	/srv/agents/repos/callscore-workplane/apps/callscore-web/src/components/ScoreBreakdown.tsx	hash_match
src/components/SelfCorrectionBadge.tsx	1746	/srv/agents/repos/callscore-workplane/apps/callscore-web/src/components/SelfCorrectionBadge.tsx	hash_match
src/components/SettingsShell.tsx	7432	/srv/agents/repos/callscore-workplane/apps/callscore-web/src/components/SettingsShell.tsx	hash_match
src/components/TierGate.tsx	2024	/srv/agents/repos/callscore-workplane/apps/callscore-web/src/components/TierGate.tsx	hash_match
src/components/WebhookManager.tsx	18819	/srv/agents/repos/callscore-workplane/apps/callscore-web/src/components/WebhookManager.tsx	hash_match
src/components/commercial/CallDetailUpgradeCta.tsx	1788	/srv/agents/repos/callscore-workplane/apps/callscore-web/src/components/commercial/CallDetailUpgradeCta.tsx	hash_match
src/components/primitives/Chip.tsx	883	/srv/agents/repos/callscore-workplane/apps/callscore-web/src/components/primitives/Chip.tsx	hash_match
src/components/primitives/EditorialSection.tsx	1267	/srv/agents/repos/callscore-workplane/apps/callscore-web/src/components/primitives/EditorialSection.tsx	hash_match
src/components/primitives/Hairline.tsx	573	/srv/agents/repos/callscore-workplane/apps/callscore-web/src/components/primitives/Hairline.tsx	hash_match
src/components/primitives/MetaStrip.tsx	827	/srv/agents/repos/callscore-workplane/apps/callscore-web/src/components/primitives/MetaStrip.tsx	hash_match
src/components/primitives/Wordmark.tsx	696	/srv/agents/repos/callscore-workplane/apps/callscore-web/src/components/primitives/Wordmark.tsx	hash_match
src/components/primitives/index.ts	305	/srv/agents/repos/callscore-workplane/apps/callscore-web/src/components/primitives/index.ts	hash_match
src/data/global-creator-sources.json	196854	/srv/agents/repos/callscore-workplane/apps/callscore-web/src/data/global-creator-sources.json	hash_match
src/lib/ai-extraction.ts	9873	/srv/agents/repos/callscore-workplane/apps/callscore-web/src/lib/ai-extraction.ts	hash_match
src/lib/alert-jobs.ts	6627	/srv/agents/repos/callscore-workplane/apps/callscore-web/src/lib/alert-jobs.ts	hash_match
src/lib/alerts.ts	8990	/srv/agents/repos/callscore-workplane/apps/callscore-web/src/lib/alerts.ts	hash_match
src/lib/api-keys.ts	4701	/srv/agents/repos/callscore-workplane/apps/callscore-web/src/lib/api-keys.ts	hash_match
src/lib/api-schemas.ts	5831	/srv/agents/repos/callscore-workplane/apps/callscore-web/src/lib/api-schemas.ts	hash_match
src/lib/audit-coverage.ts	2461	/srv/agents/repos/callscore-workplane/apps/callscore-web/src/lib/audit-coverage.ts	hash_match
src/lib/auth.ts	6118	/srv/agents/repos/callscore-workplane/apps/callscore-web/src/lib/auth.ts	hash_match
src/lib/autonomy-status.ts	4672	/srv/agents/repos/callscore-workplane/apps/callscore-web/src/lib/autonomy-status.ts	hash_match
src/lib/backtest-params.ts	2111	/srv/agents/repos/callscore-workplane/apps/callscore-web/src/lib/backtest-params.ts	hash_match
src/lib/backtest.ts	13033	/srv/agents/repos/callscore-workplane/apps/callscore-web/src/lib/backtest.ts	hash_match
src/lib/candidate-admission.ts	8938	/srv/agents/repos/callscore-workplane/apps/callscore-web/src/lib/candidate-admission.ts	hash_match
src/lib/constants.ts	3307	/srv/agents/repos/callscore-workplane/apps/callscore-web/src/lib/constants.ts	hash_match
src/lib/creator-eligibility-policy.d.ts	1899	/srv/agents/repos/callscore-workplane/apps/callscore-web/src/lib/creator-eligibility-policy.d.ts	hash_match
src/lib/creator-eligibility-policy.mjs	4581	/srv/agents/repos/callscore-workplane/apps/callscore-web/src/lib/creator-eligibility-policy.mjs	hash_match
src/lib/creator-handle-path.ts	260	/srv/agents/repos/callscore-workplane/apps/callscore-web/src/lib/creator-handle-path.ts	hash_match
src/lib/creator-handles.ts	770	/srv/agents/repos/callscore-workplane/apps/callscore-web/src/lib/creator-handles.ts	hash_match
src/lib/creator-stats-eligibility.ts	4642	/srv/agents/repos/callscore-workplane/apps/callscore-web/src/lib/creator-stats-eligibility.ts	hash_match
src/lib/creator-tier.ts	415	/srv/agents/repos/callscore-workplane/apps/callscore-web/src/lib/creator-tier.ts	hash_match
src/lib/cron.ts	499	/srv/agents/repos/callscore-workplane/apps/callscore-web/src/lib/cron.ts	hash_match
src/lib/csv.ts	548	/srv/agents/repos/callscore-workplane/apps/callscore-web/src/lib/csv.ts	hash_match
src/lib/db.ts	9271	/srv/agents/repos/callscore-workplane/apps/callscore-web/src/lib/db.ts	hash_match
src/lib/extraction-triage.ts	2674	/srv/agents/repos/callscore-workplane/apps/callscore-web/src/lib/extraction-triage.ts	hash_match
src/lib/extraction-validation.ts	11411	/srv/agents/repos/callscore-workplane/apps/callscore-web/src/lib/extraction-validation.ts	hash_match
src/lib/global-creator-candidates.ts	9745	/srv/agents/repos/callscore-workplane/apps/callscore-web/src/lib/global-creator-candidates.ts	hash_match
src/lib/hh-read-api.ts	4836	/srv/agents/repos/callscore-workplane/apps/callscore-web/src/lib/hh-read-api.ts	hash_match
src/lib/home-read-api-contract.ts	1580	/srv/agents/repos/callscore-workplane/apps/callscore-web/src/lib/home-read-api-contract.ts	hash_match
src/lib/http-cache.ts	590	/srv/agents/repos/callscore-workplane/apps/callscore-web/src/lib/http-cache.ts	hash_match
src/lib/judgment-window.ts	985	/srv/agents/repos/callscore-workplane/apps/callscore-web/src/lib/judgment-window.ts	hash_match
src/lib/leaderboard-eligibility.ts	3442	/srv/agents/repos/callscore-workplane/apps/callscore-web/src/lib/leaderboard-eligibility.ts	hash_match
src/lib/leaderboard-safety.d.ts	1172	/srv/agents/repos/callscore-workplane/apps/callscore-web/src/lib/leaderboard-safety.d.ts	hash_match
src/lib/leaderboard-safety.mjs	7387	/srv/agents/repos/callscore-workplane/apps/callscore-web/src/lib/leaderboard-safety.mjs	hash_match
src/lib/legacy-creator-overrides.ts	1746	/srv/agents/repos/callscore-workplane/apps/callscore-web/src/lib/legacy-creator-overrides.ts	hash_match
src/lib/live-call-pricing.ts	1033	/srv/agents/repos/callscore-workplane/apps/callscore-web/src/lib/live-call-pricing.ts	hash_match
src/lib/llm-eval.ts	3098	/srv/agents/repos/callscore-workplane/apps/callscore-web/src/lib/llm-eval.ts	hash_match
src/lib/logger.ts	2199	/srv/agents/repos/callscore-workplane/apps/callscore-web/src/lib/logger.ts	hash_match
src/lib/methodology-rubric.ts	5062	/srv/agents/repos/callscore-workplane/apps/callscore-web/src/lib/methodology-rubric.ts	hash_match
src/lib/ml-promotion.ts	13732	/srv/agents/repos/callscore-workplane/apps/callscore-web/src/lib/ml-promotion.ts	hash_match
src/lib/ml-verifier.ts	30983	/srv/agents/repos/callscore-workplane/apps/callscore-web/src/lib/ml-verifier.ts	hash_match
src/lib/mock-data.ts	9110	/srv/agents/repos/callscore-workplane/apps/callscore-web/src/lib/mock-data.ts	hash_match
src/lib/monitoring.ts	4655	/srv/agents/repos/callscore-workplane/apps/callscore-web/src/lib/monitoring.ts	hash_match
src/lib/pipeline-blockers.ts	7064	/srv/agents/repos/callscore-workplane/apps/callscore-web/src/lib/pipeline-blockers.ts	hash_match
src/lib/pipeline-jobs.ts	4222	/srv/agents/repos/callscore-workplane/apps/callscore-web/src/lib/pipeline-jobs.ts	hash_match
src/lib/pipeline-readiness.ts	12685	/srv/agents/repos/callscore-workplane/apps/callscore-web/src/lib/pipeline-readiness.ts	hash_match
src/lib/pipeline-stats.ts	31826	/srv/agents/repos/callscore-workplane/apps/callscore-web/src/lib/pipeline-stats.ts	hash_match
src/lib/pipeline.ts	22614	/srv/agents/repos/callscore-workplane/apps/callscore-web/src/lib/pipeline.ts	hash_match
src/lib/pipeline/retry.ts	589	/srv/agents/repos/callscore-workplane/apps/callscore-web/src/lib/pipeline/retry.ts	hash_match
src/lib/portfolio-backtest.ts	16879	/srv/agents/repos/callscore-workplane/apps/callscore-web/src/lib/portfolio-backtest.ts	hash_match
src/lib/premium.ts	1961	/srv/agents/repos/callscore-workplane/apps/callscore-web/src/lib/premium.ts	hash_match
src/lib/public-counts.ts	7312	/srv/agents/repos/callscore-workplane/apps/callscore-web/src/lib/public-counts.ts	hash_match
src/lib/public-methodology.ts	4450	/srv/agents/repos/callscore-workplane/apps/callscore-web/src/lib/public-methodology.ts	hash_match
src/lib/public-serializer.ts	7839	/srv/agents/repos/callscore-workplane/apps/callscore-web/src/lib/public-serializer.ts	hash_match
src/lib/recompute-stats.ts	11482	/srv/agents/repos/callscore-workplane/apps/callscore-web/src/lib/recompute-stats.ts	hash_match
src/lib/resend.ts	2663	/srv/agents/repos/callscore-workplane/apps/callscore-web/src/lib/resend.ts	hash_match
src/lib/scoring.ts	22390	/srv/agents/repos/callscore-workplane/apps/callscore-web/src/lib/scoring.ts	hash_match
src/lib/self-correction.ts	27522	/srv/agents/repos/callscore-workplane/apps/callscore-web/src/lib/self-correction.ts	hash_match
src/lib/shadow-extraction.ts	7291	/srv/agents/repos/callscore-workplane/apps/callscore-web/src/lib/shadow-extraction.ts	hash_match
src/lib/site.ts	1393	/srv/agents/repos/callscore-workplane/apps/callscore-web/src/lib/site.ts	hash_match
src/lib/ticker-normalize.ts	4245	/srv/agents/repos/callscore-workplane/apps/callscore-web/src/lib/ticker-normalize.ts	hash_match
src/lib/tracked-creators.ts	17547	/srv/agents/repos/callscore-workplane/apps/callscore-web/src/lib/tracked-creators.ts	hash_match
src/lib/transcript-extraction-methods.ts	7078	/srv/agents/repos/callscore-workplane/apps/callscore-web/src/lib/transcript-extraction-methods.ts	hash_match
src/lib/types.ts	5257	/srv/agents/repos/callscore-workplane/apps/callscore-web/src/lib/types.ts	hash_match
src/lib/unsubscribe-token.ts	3066	/srv/agents/repos/callscore-workplane/apps/callscore-web/src/lib/unsubscribe-token.ts	hash_match
src/lib/webhooks.ts	14667	/srv/agents/repos/callscore-workplane/apps/callscore-web/src/lib/webhooks.ts	hash_match
src/lib/whop-access.ts	4461	/srv/agents/repos/callscore-workplane/apps/callscore-web/src/lib/whop-access.ts	hash_match
src/lib/whop-iframe.ts	1742	/srv/agents/repos/callscore-workplane/apps/callscore-web/src/lib/whop-iframe.ts	hash_match
src/lib/whop-oauth.ts	793	/srv/agents/repos/callscore-workplane/apps/callscore-web/src/lib/whop-oauth.ts	hash_match
src/lib/whop.ts	567	/srv/agents/repos/callscore-workplane/apps/callscore-web/src/lib/whop.ts	hash_match
src/lib/workflow-receipts.ts	3182	/srv/agents/repos/callscore-workplane/apps/callscore-web/src/lib/workflow-receipts.ts	hash_match
src/lib/workplane-jobs.ts	43660	/srv/agents/repos/callscore-workplane/apps/callscore-web/src/lib/workplane-jobs.ts	hash_match
src/lib/workplane-status.ts	40729	/srv/agents/repos/callscore-workplane/apps/callscore-web/src/lib/workplane-status.ts	hash_match
src/lib/youtube.ts	1304	/srv/agents/repos/callscore-workplane/apps/callscore-web/src/lib/youtube.ts	hash_match
src/scripts/_shared.ts	1491	/srv/agents/repos/callscore-workplane/apps/callscore-web/src/scripts/_shared.ts	hash_match
src/scripts/add-candle-index.ts	1664	/srv/agents/repos/callscore-workplane/apps/callscore-web/src/scripts/add-candle-index.ts	hash_match
src/scripts/analyze-consensus.ts	4888	/srv/agents/repos/callscore-workplane/apps/callscore-web/src/scripts/analyze-consensus.ts	hash_match
src/scripts/analyze-direction-mix.ts	2366	/srv/agents/repos/callscore-workplane/apps/callscore-web/src/scripts/analyze-direction-mix.ts	hash_match
src/scripts/analyze-frequency.ts	3122	/srv/agents/repos/callscore-workplane/apps/callscore-web/src/scripts/analyze-frequency.ts	hash_match
src/scripts/analyze-regimes.ts	3711	/srv/agents/repos/callscore-workplane/apps/callscore-web/src/scripts/analyze-regimes.ts	hash_match
src/scripts/analyze-scores.ts	6045	/srv/agents/repos/callscore-workplane/apps/callscore-web/src/scripts/analyze-scores.ts	hash_match
src/scripts/analyze-thresholds.ts	4545	/srv/agents/repos/callscore-workplane/apps/callscore-web/src/scripts/analyze-thresholds.ts	hash_match
src/scripts/audit-call-blockers.ts	1877	/srv/agents/repos/callscore-workplane/apps/callscore-web/src/scripts/audit-call-blockers.ts	hash_match
src/scripts/audit-coverage-100.ts	12894	/srv/agents/repos/callscore-workplane/apps/callscore-web/src/scripts/audit-coverage-100.ts	hash_match
src/scripts/audit-coverage-report.ts	2040	/srv/agents/repos/callscore-workplane/apps/callscore-web/src/scripts/audit-coverage-report.ts	hash_match
src/scripts/audit-global-coverage.ts	4663	/srv/agents/repos/callscore-workplane/apps/callscore-web/src/scripts/audit-global-coverage.ts	hash_match
src/scripts/audit-pipeline-readiness.ts	10282	/srv/agents/repos/callscore-workplane/apps/callscore-web/src/scripts/audit-pipeline-readiness.ts	hash_match
src/scripts/audit-recompute.ts	16351	/srv/agents/repos/callscore-workplane/apps/callscore-web/src/scripts/audit-recompute.ts	hash_match
src/scripts/audit-symbol-funnel.ts	9722	/srv/agents/repos/callscore-workplane/apps/callscore-web/src/scripts/audit-symbol-funnel.ts	hash_match
src/scripts/backfill-candles-data-vision.ts	7790	/srv/agents/repos/callscore-workplane/apps/callscore-web/src/scripts/backfill-candles-data-vision.ts	hash_match
src/scripts/backfill-dates.ts	7154	/srv/agents/repos/callscore-workplane/apps/callscore-web/src/scripts/backfill-dates.ts	hash_match
src/scripts/backfill-public-integrity.ts	4151	/srv/agents/repos/callscore-workplane/apps/callscore-web/src/scripts/backfill-public-integrity.ts	hash_match
src/scripts/backfill-publication-dates.ts	6576	/srv/agents/repos/callscore-workplane/apps/callscore-web/src/scripts/backfill-publication-dates.ts	hash_match
src/scripts/backfill-transcripts.ts	27467	/srv/agents/repos/callscore-workplane/apps/callscore-web/src/scripts/backfill-transcripts.ts	hash_match
src/scripts/bakeoff-ollama-cloud-models.ts	14730	/srv/agents/repos/callscore-workplane/apps/callscore-web/src/scripts/bakeoff-ollama-cloud-models.ts	hash_match
src/scripts/batch1-import.ts	6333	/srv/agents/repos/callscore-workplane/apps/callscore-web/src/scripts/batch1-import.ts	hash_match
src/scripts/benchmark-local-extractors.ts	33973	/srv/agents/repos/callscore-workplane/apps/callscore-web/src/scripts/benchmark-local-extractors.ts	hash_match
src/scripts/binance-candle-fallback.ts	2627	/srv/agents/repos/callscore-workplane/apps/callscore-web/src/scripts/binance-candle-fallback.ts	hash_match
src/scripts/bootstrap-whop.ts	6081	/srv/agents/repos/callscore-workplane/apps/callscore-web/src/scripts/bootstrap-whop.ts	hash_match
src/scripts/callscore-enqueue-job.ts	9186	/srv/agents/repos/callscore-workplane/apps/callscore-web/src/scripts/callscore-enqueue-job.ts	hash_match
src/scripts/callscore-enqueue-server.ts	9312	/srv/agents/repos/callscore-workplane/apps/callscore-web/src/scripts/callscore-enqueue-server.ts	hash_match
src/scripts/callscore-freshness-check.ts	16527	/srv/agents/repos/callscore-workplane/apps/callscore-web/src/scripts/callscore-freshness-check.ts	hash_match
src/scripts/callscore-read-api-server.mjs	9887	/srv/agents/repos/callscore-workplane/apps/callscore-web/src/scripts/callscore-read-api-server.mjs	hash_match
src/scripts/check-db.ts	2928	/srv/agents/repos/callscore-workplane/apps/callscore-web/src/scripts/check-db.ts	hash_match
src/scripts/check-presence.ts	1033	/srv/agents/repos/callscore-workplane/apps/callscore-web/src/scripts/check-presence.ts	hash_match
src/scripts/check-progress.ts	1487	/srv/agents/repos/callscore-workplane/apps/callscore-web/src/scripts/check-progress.ts	hash_match
src/scripts/check-quality.ts	2900	/srv/agents/repos/callscore-workplane/apps/callscore-web/src/scripts/check-quality.ts	hash_match
src/scripts/check-regime.ts	2102	/srv/agents/repos/callscore-workplane/apps/callscore-web/src/scripts/check-regime.ts	hash_match
src/scripts/check-secret-hygiene.ts	1754	/srv/agents/repos/callscore-workplane/apps/callscore-web/src/scripts/check-secret-hygiene.ts	hash_match
src/scripts/check-sheldon.ts	1356	/srv/agents/repos/callscore-workplane/apps/callscore-web/src/scripts/check-sheldon.ts	hash_match
src/scripts/compute-scores.ts	4392	/srv/agents/repos/callscore-workplane/apps/callscore-web/src/scripts/compute-scores.ts	hash_match
src/scripts/date-stats.ts	2258	/srv/agents/repos/callscore-workplane/apps/callscore-web/src/scripts/date-stats.ts	hash_match
src/scripts/detect-call-revisions.ts	3282	/srv/agents/repos/callscore-workplane/apps/callscore-web/src/scripts/detect-call-revisions.ts	hash_match
src/scripts/detect-consensus.ts	13678	/srv/agents/repos/callscore-workplane/apps/callscore-web/src/scripts/detect-consensus.ts	hash_match
src/scripts/discover-crypto-creators.ts	3490	/srv/agents/repos/callscore-workplane/apps/callscore-web/src/scripts/discover-crypto-creators.ts	hash_match
src/scripts/discover-videos-365.ts	17392	/srv/agents/repos/callscore-workplane/apps/callscore-web/src/scripts/discover-videos-365.ts	hash_match
src/scripts/discover-videos-rss-api.ts	9254	/srv/agents/repos/callscore-workplane/apps/callscore-web/src/scripts/discover-videos-rss-api.ts	hash_match
src/scripts/evaluate-llm-gold-set.ts	3749	/srv/agents/repos/callscore-workplane/apps/callscore-web/src/scripts/evaluate-llm-gold-set.ts	hash_match
src/scripts/extract-calls-batch.ts	1372	/srv/agents/repos/callscore-workplane/apps/callscore-web/src/scripts/extract-calls-batch.ts	hash_match
src/scripts/extract-calls-llm.ts	33703	/srv/agents/repos/callscore-workplane/apps/callscore-web/src/scripts/extract-calls-llm.ts	hash_match
src/scripts/extract-calls-local.ts	10470	/srv/agents/repos/callscore-workplane/apps/callscore-web/src/scripts/extract-calls-local.ts	hash_match
src/scripts/extract-calls-openrouter.ts	276	/srv/agents/repos/callscore-workplane/apps/callscore-web/src/scripts/extract-calls-openrouter.ts	hash_match
src/scripts/extract-calls.ts	654	/srv/agents/repos/callscore-workplane/apps/callscore-web/src/scripts/extract-calls.ts	hash_match
src/scripts/hermes-worker.ts	9374	/srv/agents/repos/callscore-workplane/apps/callscore-web/src/scripts/hermes-worker.ts	hash_match
src/scripts/ingest-transcript-result.ts	6757	/srv/agents/repos/callscore-workplane/apps/callscore-web/src/scripts/ingest-transcript-result.ts	hash_match
src/scripts/insert-discovered-creators.ts	4343	/srv/agents/repos/callscore-workplane/apps/callscore-web/src/scripts/insert-discovered-creators.ts	hash_match
src/scripts/leaderboard.ts	5379	/srv/agents/repos/callscore-workplane/apps/callscore-web/src/scripts/leaderboard.ts	hash_match
src/scripts/match-prices-set-based.ts	10828	/srv/agents/repos/callscore-workplane/apps/callscore-web/src/scripts/match-prices-set-based.ts	hash_match
src/scripts/match-prices.ts	18227	/srv/agents/repos/callscore-workplane/apps/callscore-web/src/scripts/match-prices.ts	hash_match
src/scripts/match-stats.ts	1525	/srv/agents/repos/callscore-workplane/apps/callscore-web/src/scripts/match-stats.ts	hash_match
src/scripts/migrate-add-columns.ts	1294	/srv/agents/repos/callscore-workplane/apps/callscore-web/src/scripts/migrate-add-columns.ts	hash_match
src/scripts/migrate.ts	5792	/srv/agents/repos/callscore-workplane/apps/callscore-web/src/scripts/migrate.ts	hash_match
src/scripts/ml-autoresearch.ts	7104	/srv/agents/repos/callscore-workplane/apps/callscore-web/src/scripts/ml-autoresearch.ts	hash_match
src/scripts/ml-idle-improve.ts	7780	/srv/agents/repos/callscore-workplane/apps/callscore-web/src/scripts/ml-idle-improve.ts	hash_match
src/scripts/pipeline-monitor.ts	3754	/srv/agents/repos/callscore-workplane/apps/callscore-web/src/scripts/pipeline-monitor.ts	hash_match
src/scripts/pipeline-state-check.ts	2076	/srv/agents/repos/callscore-workplane/apps/callscore-web/src/scripts/pipeline-state-check.ts	hash_match
src/scripts/promote-creator-candidates.ts	6827	/srv/agents/repos/callscore-workplane/apps/callscore-web/src/scripts/promote-creator-candidates.ts	hash_match
src/scripts/promote-shadow-extractions.ts	7491	/srv/agents/repos/callscore-workplane/apps/callscore-web/src/scripts/promote-shadow-extractions.ts	hash_match
src/scripts/reextract-low-confidence-videos.ts	5250	/srv/agents/repos/callscore-workplane/apps/callscore-web/src/scripts/reextract-low-confidence-videos.ts	hash_match
src/scripts/refresh-candles.ts	10312	/srv/agents/repos/callscore-workplane/apps/callscore-web/src/scripts/refresh-candles.ts	hash_match
src/scripts/repair-price-at-call.ts	10258	/srv/agents/repos/callscore-workplane/apps/callscore-web/src/scripts/repair-price-at-call.ts	hash_match
src/scripts/rescore-derived.ts	5045	/srv/agents/repos/callscore-workplane/apps/callscore-web/src/scripts/rescore-derived.ts	hash_match
src/scripts/reset-extraction.ts	2065	/srv/agents/repos/callscore-workplane/apps/callscore-web/src/scripts/reset-extraction.ts	hash_match
src/scripts/reset-scores.ts	1243	/srv/agents/repos/callscore-workplane/apps/callscore-web/src/scripts/reset-scores.ts	hash_match
src/scripts/return-sanity.ts	3131	/srv/agents/repos/callscore-workplane/apps/callscore-web/src/scripts/return-sanity.ts	hash_match
src/scripts/run-continuous-data-pipeline.ts	11572	/srv/agents/repos/callscore-workplane/apps/callscore-web/src/scripts/run-continuous-data-pipeline.ts	hash_match
src/scripts/run-daily-pipeline.ts	7292	/srv/agents/repos/callscore-workplane/apps/callscore-web/src/scripts/run-daily-pipeline.ts	hash_match
src/scripts/run-data-pipeline.ts	25395	/srv/agents/repos/callscore-workplane/apps/callscore-web/src/scripts/run-data-pipeline.ts	hash_match
src/scripts/scan-new-calls.ts	3475	/srv/agents/repos/callscore-workplane/apps/callscore-web/src/scripts/scan-new-calls.ts	hash_match
src/scripts/schema-probe.ts	1055	/srv/agents/repos/callscore-workplane/apps/callscore-web/src/scripts/schema-probe.ts	hash_match
src/scripts/score-diagnostics.ts	8051	/srv/agents/repos/callscore-workplane/apps/callscore-web/src/scripts/score-diagnostics.ts	hash_match
src/scripts/score-progress.ts	1231	/srv/agents/repos/callscore-workplane/apps/callscore-web/src/scripts/score-progress.ts	hash_match
src/scripts/scrape-transcripts-v2.ts	20549	/srv/agents/repos/callscore-workplane/apps/callscore-web/src/scripts/scrape-transcripts-v2.ts	hash_match
src/scripts/scrape-transcripts.ts	663	/srv/agents/repos/callscore-workplane/apps/callscore-web/src/scripts/scrape-transcripts.ts	hash_match
src/scripts/script-helpers.ts	5914	/srv/agents/repos/callscore-workplane/apps/callscore-web/src/scripts/script-helpers.ts	hash_match
src/scripts/seed-creators.ts	2094	/srv/agents/repos/callscore-workplane/apps/callscore-web/src/scripts/seed-creators.ts	hash_match
src/scripts/send-queued-alerts.ts	12104	/srv/agents/repos/callscore-workplane/apps/callscore-web/src/scripts/send-queued-alerts.ts	hash_match
src/scripts/shadow-diff-extractions.ts	3440	/srv/agents/repos/callscore-workplane/apps/callscore-web/src/scripts/shadow-diff-extractions.ts	hash_match
src/scripts/shadow-extract-transcripts.ts	13235	/srv/agents/repos/callscore-workplane/apps/callscore-web/src/scripts/shadow-extract-transcripts.ts	hash_match
src/scripts/simulate-creator-eligibility.ts	9494	/srv/agents/repos/callscore-workplane/apps/callscore-web/src/scripts/simulate-creator-eligibility.ts	hash_match
src/scripts/symcheck.ts	1289	/srv/agents/repos/callscore-workplane/apps/callscore-web/src/scripts/symcheck.ts	hash_match
src/scripts/sync-creator-youtube-metrics.ts	3493	/srv/agents/repos/callscore-workplane/apps/callscore-web/src/scripts/sync-creator-youtube-metrics.ts	hash_match
src/scripts/test-gemini.ts	1820	/srv/agents/repos/callscore-workplane/apps/callscore-web/src/scripts/test-gemini.ts	hash_match
src/scripts/test-pending.ts	1306	/srv/agents/repos/callscore-workplane/apps/callscore-web/src/scripts/test-pending.ts	hash_match
src/scripts/test-query.ts	2919	/srv/agents/repos/callscore-workplane/apps/callscore-web/src/scripts/test-query.ts	hash_match
src/scripts/transcribe-media-fallback.ts	7616	/srv/agents/repos/callscore-workplane/apps/callscore-web/src/scripts/transcribe-media-fallback.ts	hash_match
src/scripts/transcript-worklist.ts	4542	/srv/agents/repos/callscore-workplane/apps/callscore-web/src/scripts/transcript-worklist.ts	hash_match
src/scripts/validate-candle-open-time-constraint.ts	2071	/srv/agents/repos/callscore-workplane/apps/callscore-web/src/scripts/validate-candle-open-time-constraint.ts	hash_match
src/scripts/validate-creators.ts	1696	/srv/agents/repos/callscore-workplane/apps/callscore-web/src/scripts/validate-creators.ts	hash_match
src/scripts/validate-shadow-extractions.ts	6536	/srv/agents/repos/callscore-workplane/apps/callscore-web/src/scripts/validate-shadow-extractions.ts	hash_match
src/scripts/verify-local-postgres-provider.ts	1788	/srv/agents/repos/callscore-workplane/apps/callscore-web/src/scripts/verify-local-postgres-provider.ts	hash_match
src/scripts/verify-public-surface.ts	9318	/srv/agents/repos/callscore-workplane/apps/callscore-web/src/scripts/verify-public-surface.ts	hash_match
src/scripts/workplane-laptop-job.ts	3980	/srv/agents/repos/callscore-workplane/apps/callscore-web/src/scripts/workplane-laptop-job.ts	hash_match
src/scripts/workplane-status.ts	10074	/srv/agents/repos/callscore-workplane/apps/callscore-web/src/scripts/workplane-status.ts	hash_match
src/scripts/workplane.ts	1677	/srv/agents/repos/callscore-workplane/apps/callscore-web/src/scripts/workplane.ts	hash_match
src/scripts/write-workflow-receipt.ts	2325	/srv/agents/repos/callscore-workplane/apps/callscore-web/src/scripts/write-workflow-receipt.ts	hash_match
tailwind.config.ts	3995	/srv/agents/repos/callscore-workplane/apps/callscore-web/tailwind.config.ts	hash_match
tests/alerts.test.ts	22687	/srv/agents/repos/callscore-workplane/apps/callscore-web/tests/alerts.test.ts	hash_match
tests/alphascore-shape.test.ts	901	/srv/agents/repos/callscore-workplane/apps/callscore-web/tests/alphascore-shape.test.ts	hash_match
tests/api-routes.test.ts	8272	/srv/agents/repos/callscore-workplane/apps/callscore-web/tests/api-routes.test.ts	hash_match
tests/api-runtime-schemas.test.ts	5317	/srv/agents/repos/callscore-workplane/apps/callscore-web/tests/api-runtime-schemas.test.ts	hash_match
tests/api-webhook-contracts.test.ts	5264	/srv/agents/repos/callscore-workplane/apps/callscore-web/tests/api-webhook-contracts.test.ts	hash_match
tests/audit-coverage.test.ts	2117	/srv/agents/repos/callscore-workplane/apps/callscore-web/tests/audit-coverage.test.ts	hash_match
tests/auth.test.ts	2851	/srv/agents/repos/callscore-workplane/apps/callscore-web/tests/auth.test.ts	hash_match
tests/backtest-params.test.ts	1473	/srv/agents/repos/callscore-workplane/apps/callscore-web/tests/backtest-params.test.ts	hash_match
tests/backtest.test.ts	18232	/srv/agents/repos/callscore-workplane/apps/callscore-web/tests/backtest.test.ts	hash_match
tests/candidate-admission.test.ts	4343	/srv/agents/repos/callscore-workplane/apps/callscore-web/tests/candidate-admission.test.ts	hash_match
tests/checkout-route.test.ts	6223	/srv/agents/repos/callscore-workplane/apps/callscore-web/tests/checkout-route.test.ts	hash_match
tests/checkout.test.ts	529	/srv/agents/repos/callscore-workplane/apps/callscore-web/tests/checkout.test.ts	hash_match
tests/components-no-lucide-decoration.test.ts	1278	/srv/agents/repos/callscore-workplane/apps/callscore-web/tests/components-no-lucide-decoration.test.ts	hash_match
tests/components-no-rounded.test.ts	1251	/srv/agents/repos/callscore-workplane/apps/callscore-web/tests/components-no-rounded.test.ts	hash_match
tests/compute-scores-cli.test.ts	1263	/srv/agents/repos/callscore-workplane/apps/callscore-web/tests/compute-scores-cli.test.ts	hash_match
tests/creator-eligibility-policy.test.mjs	3198	/srv/agents/repos/callscore-workplane/apps/callscore-web/tests/creator-eligibility-policy.test.mjs	hash_match
tests/creator-stats-eligibility.test.ts	3288	/srv/agents/repos/callscore-workplane/apps/callscore-web/tests/creator-stats-eligibility.test.ts	hash_match
tests/creator-stats.test.ts	6405	/srv/agents/repos/callscore-workplane/apps/callscore-web/tests/creator-stats.test.ts	hash_match
tests/creator-target-entitlements.test.ts	8811	/srv/agents/repos/callscore-workplane/apps/callscore-web/tests/creator-target-entitlements.test.ts	hash_match
tests/cron-auth.test.ts	1943	/srv/agents/repos/callscore-workplane/apps/callscore-web/tests/cron-auth.test.ts	hash_match
tests/cron-candles-wrapper.test.ts	4890	/srv/agents/repos/callscore-workplane/apps/callscore-web/tests/cron-candles-wrapper.test.ts	hash_match
tests/data-pipeline.test.ts	40808	/srv/agents/repos/callscore-workplane/apps/callscore-web/tests/data-pipeline.test.ts	hash_match
tests/db-env.test.ts	2341	/srv/agents/repos/callscore-workplane/apps/callscore-web/tests/db-env.test.ts	hash_match
tests/db-provider.test.ts	2129	/srv/agents/repos/callscore-workplane/apps/callscore-web/tests/db-provider.test.ts	hash_match
tests/discover-videos-365.test.ts	2392	/srv/agents/repos/callscore-workplane/apps/callscore-web/tests/discover-videos-365.test.ts	hash_match
tests/extract-calls-local.test.ts	754	/srv/agents/repos/callscore-workplane/apps/callscore-web/tests/extract-calls-local.test.ts	hash_match
tests/extract-calls-openrouter.test.ts	13340	/srv/agents/repos/callscore-workplane/apps/callscore-web/tests/extract-calls-openrouter.test.ts	hash_match
tests/extraction-validation.test.ts	5758	/srv/agents/repos/callscore-workplane/apps/callscore-web/tests/extraction-validation.test.ts	hash_match
tests/floatingfeedback-shape.test.ts	603	/srv/agents/repos/callscore-workplane/apps/callscore-web/tests/floatingfeedback-shape.test.ts	hash_match
tests/fonts.test.ts	1368	/srv/agents/repos/callscore-workplane/apps/callscore-web/tests/fonts.test.ts	hash_match
tests/freshness-check.test.ts	833	/srv/agents/repos/callscore-workplane/apps/callscore-web/tests/freshness-check.test.ts	hash_match
tests/frontend-tokens.test.ts	3529	/srv/agents/repos/callscore-workplane/apps/callscore-web/tests/frontend-tokens.test.ts	hash_match
tests/global-creator-candidates.test.ts	5361	/srv/agents/repos/callscore-workplane/apps/callscore-web/tests/global-creator-candidates.test.ts	hash_match
tests/gtm-agent-registry.test.ts	4449	/srv/agents/repos/callscore-workplane/apps/callscore-web/tests/gtm-agent-registry.test.ts	hash_match
tests/header-rsc.test.ts	2544	/srv/agents/repos/callscore-workplane/apps/callscore-web/tests/header-rsc.test.ts	hash_match
tests/hermes-env-validator.test.ts	1460	/srv/agents/repos/callscore-workplane/apps/callscore-web/tests/hermes-env-validator.test.ts	hash_match
tests/hermes-public-gtm-default-open.test.ts	6083	/srv/agents/repos/callscore-workplane/apps/callscore-web/tests/hermes-public-gtm-default-open.test.ts	hash_match
tests/hermes-skill-canonical-process.test.ts	5119	/srv/agents/repos/callscore-workplane/apps/callscore-web/tests/hermes-skill-canonical-process.test.ts	hash_match
tests/hh-read-api.test.ts	3914	/srv/agents/repos/callscore-workplane/apps/callscore-web/tests/hh-read-api.test.ts	hash_match
tests/home-read-api-contract.test.ts	3535	/srv/agents/repos/callscore-workplane/apps/callscore-web/tests/home-read-api-contract.test.ts	hash_match
tests/infrastructure-canonical.test.ts	1596	/srv/agents/repos/callscore-workplane/apps/callscore-web/tests/infrastructure-canonical.test.ts	hash_match
tests/laptop-collector-script.test.ts	6007	/srv/agents/repos/callscore-workplane/apps/callscore-web/tests/laptop-collector-script.test.ts	hash_match
tests/leaderboard-safety.test.mjs	9737	/srv/agents/repos/callscore-workplane/apps/callscore-web/tests/leaderboard-safety.test.mjs	hash_match
tests/leaderboard-shape.test.ts	2143	/srv/agents/repos/callscore-workplane/apps/callscore-web/tests/leaderboard-shape.test.ts	hash_match
tests/legacy-creator-overrides.test.ts	2428	/srv/agents/repos/callscore-workplane/apps/callscore-web/tests/legacy-creator-overrides.test.ts	hash_match
tests/local-extractor-benchmark.test.ts	8384	/srv/agents/repos/callscore-workplane/apps/callscore-web/tests/local-extractor-benchmark.test.ts	hash_match
tests/methodology-rubric.test.ts	3787	/srv/agents/repos/callscore-workplane/apps/callscore-web/tests/methodology-rubric.test.ts	hash_match
tests/migrate.test.ts	3346	/srv/agents/repos/callscore-workplane/apps/callscore-web/tests/migrate.test.ts	hash_match
tests/ml-idle-improve.test.ts	5157	/srv/agents/repos/callscore-workplane/apps/callscore-web/tests/ml-idle-improve.test.ts	hash_match
tests/ml-verifier.test.ts	23176	/srv/agents/repos/callscore-workplane/apps/callscore-web/tests/ml-verifier.test.ts	hash_match
tests/monitoring.test.ts	1375	/srv/agents/repos/callscore-workplane/apps/callscore-web/tests/monitoring.test.ts	hash_match
tests/next-config-domain.test.ts	834	/srv/agents/repos/callscore-workplane/apps/callscore-web/tests/next-config-domain.test.ts	hash_match
tests/ollama-bakeoff.test.ts	7735	/srv/agents/repos/callscore-workplane/apps/callscore-web/tests/ollama-bakeoff.test.ts	hash_match
tests/ops-coverage.test.ts	5958	/srv/agents/repos/callscore-workplane/apps/callscore-web/tests/ops-coverage.test.ts	hash_match
tests/page-about-shape.test.ts	897	/srv/agents/repos/callscore-workplane/apps/callscore-web/tests/page-about-shape.test.ts	hash_match
tests/page-alerts-shape.test.ts	1133	/srv/agents/repos/callscore-workplane/apps/callscore-web/tests/page-alerts-shape.test.ts	hash_match
tests/page-call-shape.test.ts	559	/srv/agents/repos/callscore-workplane/apps/callscore-web/tests/page-call-shape.test.ts	hash_match
tests/page-creator-shape.test.ts	1487	/srv/agents/repos/callscore-workplane/apps/callscore-web/tests/page-creator-shape.test.ts	hash_match
tests/page-helpers.ts	1347	/srv/agents/repos/callscore-workplane/apps/callscore-web/tests/page-helpers.ts	hash_match
tests/page-home-shape.test.ts	1354	/srv/agents/repos/callscore-workplane/apps/callscore-web/tests/page-home-shape.test.ts	hash_match
tests/page-methodology-shape.test.ts	1316	/srv/agents/repos/callscore-workplane/apps/callscore-web/tests/page-methodology-shape.test.ts	hash_match
tests/page-pricing-shape.test.ts	1524	/srv/agents/repos/callscore-workplane/apps/callscore-web/tests/page-pricing-shape.test.ts	hash_match
tests/page-webhooks-shape.test.ts	1231	/srv/agents/repos/callscore-workplane/apps/callscore-web/tests/page-webhooks-shape.test.ts	hash_match
tests/pages-cross-cutting.test.ts	9731	/srv/agents/repos/callscore-workplane/apps/callscore-web/tests/pages-cross-cutting.test.ts	hash_match
tests/periodfilter-shape.test.ts	614	/srv/agents/repos/callscore-workplane/apps/callscore-web/tests/periodfilter-shape.test.ts	hash_match
tests/pipeline-readiness.test.ts	6934	/srv/agents/repos/callscore-workplane/apps/callscore-web/tests/pipeline-readiness.test.ts	hash_match
tests/pipeline-stats.test.ts	3557	/srv/agents/repos/callscore-workplane/apps/callscore-web/tests/pipeline-stats.test.ts	hash_match
tests/pipeline.test.ts	17359	/srv/agents/repos/callscore-workplane/apps/callscore-web/tests/pipeline.test.ts	hash_match
tests/pipeline/dispatch-audit.test.ts	500	/srv/agents/repos/callscore-workplane/apps/callscore-web/tests/pipeline/dispatch-audit.test.ts	hash_match
tests/pipeline/retry.test.ts	927	/srv/agents/repos/callscore-workplane/apps/callscore-web/tests/pipeline/retry.test.ts	hash_match
tests/portfolio-backtest.test.ts	6971	/srv/agents/repos/callscore-workplane/apps/callscore-web/tests/portfolio-backtest.test.ts	hash_match
tests/post-checkout-ux.test.ts	2900	/srv/agents/repos/callscore-workplane/apps/callscore-web/tests/post-checkout-ux.test.ts	hash_match
tests/premium.test.ts	1074	/srv/agents/repos/callscore-workplane/apps/callscore-web/tests/premium.test.ts	hash_match
tests/primitives.test.ts	1613	/srv/agents/repos/callscore-workplane/apps/callscore-web/tests/primitives.test.ts	hash_match
tests/public-integrity.test.ts	10980	/srv/agents/repos/callscore-workplane/apps/callscore-web/tests/public-integrity.test.ts	hash_match
tests/refresh-candles.test.ts	3893	/srv/agents/repos/callscore-workplane/apps/callscore-web/tests/refresh-candles.test.ts	hash_match
tests/reset-extraction.test.ts	636	/srv/agents/repos/callscore-workplane/apps/callscore-web/tests/reset-extraction.test.ts	hash_match
tests/review-auth-route.test.ts	2823	/srv/agents/repos/callscore-workplane/apps/callscore-web/tests/review-auth-route.test.ts	hash_match
tests/routes/checkout-route.test.ts	1492	/srv/agents/repos/callscore-workplane/apps/callscore-web/tests/routes/checkout-route.test.ts	hash_match
tests/scrape-transcripts-v2.test.ts	1415	/srv/agents/repos/callscore-workplane/apps/callscore-web/tests/scrape-transcripts-v2.test.ts	hash_match
tests/secret-hygiene.test.ts	1298	/srv/agents/repos/callscore-workplane/apps/callscore-web/tests/secret-hygiene.test.ts	hash_match
tests/self-correction.test.ts	35230	/srv/agents/repos/callscore-workplane/apps/callscore-web/tests/self-correction.test.ts	hash_match
tests/shadow-extraction.test.ts	2733	/srv/agents/repos/callscore-workplane/apps/callscore-web/tests/shadow-extraction.test.ts	hash_match
tests/shadow-scripts.test.ts	18975	/srv/agents/repos/callscore-workplane/apps/callscore-web/tests/shadow-scripts.test.ts	hash_match
tests/site-url.test.ts	1385	/srv/agents/repos/callscore-workplane/apps/callscore-web/tests/site-url.test.ts	hash_match
tests/tiergate-shape.test.ts	969	/srv/agents/repos/callscore-workplane/apps/callscore-web/tests/tiergate-shape.test.ts	hash_match
tests/transcript-extraction-methods.test.ts	3794	/srv/agents/repos/callscore-workplane/apps/callscore-web/tests/transcript-extraction-methods.test.ts	hash_match
tests/whop-access.test.ts	3494	/srv/agents/repos/callscore-workplane/apps/callscore-web/tests/whop-access.test.ts	hash_match
tests/whop-certification-pack.test.ts	1364	/srv/agents/repos/callscore-workplane/apps/callscore-web/tests/whop-certification-pack.test.ts	hash_match
tests/whop-oauth.test.ts	3557	/srv/agents/repos/callscore-workplane/apps/callscore-web/tests/whop-oauth.test.ts	hash_match
tests/whop-webhook-route.test.ts	1964	/srv/agents/repos/callscore-workplane/apps/callscore-web/tests/whop-webhook-route.test.ts	hash_match
tests/workflow-receipts.test.ts	3330	/srv/agents/repos/callscore-workplane/apps/callscore-web/tests/workflow-receipts.test.ts	hash_match
tests/workplane-dispatch.test.ts	1198	/srv/agents/repos/callscore-workplane/apps/callscore-web/tests/workplane-dispatch.test.ts	hash_match
tests/workplane-jobs.test.ts	24692	/srv/agents/repos/callscore-workplane/apps/callscore-web/tests/workplane-jobs.test.ts	hash_match
tsconfig.json	682	/srv/agents/repos/callscore-workplane/apps/callscore-web/tsconfig.json	hash_match
