creator_id,creator_name,youtube_handle,youtube_video_id,youtube_url,title,source_failure
,BFM Crypto,,Vc6-A_KDxe4,https://www.youtube.com/watch?v=Vc6-A_KDxe4,Cold Wallet : la déclaration bientôt validée ?,
,BFM Crypto,,H71rS-K2kR0,https://www.youtube.com/watch?v=H71rS-K2kR0,Délits d'initiés : des soupçons sur Polymarket,
,BFM Crypto,,7m2zJoyCkLg,https://www.youtube.com/watch?v=7m2zJoyCkLg,Mica : certains devront changer de plateforme,
,BFM Crypto,,RTqSNUQP1GQ,https://www.youtube.com/watch?v=RTqSNUQP1GQ,Les institutionnels se détourne du bitcoin,
,BFM Crypto,,FPv8O3LfkF4,https://www.youtube.com/watch?v=FPv8O3LfkF4,Un nouveau projet de stablecoin chez Meta,
,BFM Crypto,,XhfFjSpm1Yw,https://www.youtube.com/watch?v=XhfFjSpm1Yw,Exaion : le rachat par Mara est officialisé,
,BFM Crypto,,oohCCeyn3Mw,https://www.youtube.com/watch?v=oohCCeyn3Mw,Pourquoi Binance rejette les nouveaux clients ?,
,BFM Crypto,,Gxf4IFEkpQs,https://www.youtube.com/watch?v=Gxf4IFEkpQs,Bitcoin et anonymat : un problème ?,
,BFM Crypto,,WVM6--uxkCk,https://www.youtube.com/watch?v=WVM6--uxkCk,La Finance traditionnelle rejoint la blockchain,
,BFM Crypto,,sA2kY30XyDE,https://www.youtube.com/watch?v=sA2kY30XyDE,Bitcoin : chute de 50% depuis ses plus hauts,
,BFM Crypto,,iJ3WCLbgCLI,https://www.youtube.com/watch?v=iJ3WCLbgCLI,"Kevin Warsh à la tête de la Fed : ""Aura-t-il la latitude d’appliquer ce à quoi il croit ?""",
,BFM Crypto,,QVsAqhpjmAE,https://www.youtube.com/watch?v=QVsAqhpjmAE,Le minage pour faire face à la tempête polaire américaine,
,BFM Crypto,,RxZ0wt4l_tA,https://www.youtube.com/watch?v=RxZ0wt4l_tA,Conflits mondiaux : quel impact sur le bitcoin ?,
,BFM Crypto,,CT5b9g6-t0E,https://www.youtube.com/watch?v=CT5b9g6-t0E,Crypto : les agressions se multiplient,
,BFM Crypto,,xFlaXvfMQrE,https://www.youtube.com/watch?v=xFlaXvfMQrE,Le minage est-il possible en France ?,
,BFM Crypto,,BN-zqb9modA,https://www.youtube.com/watch?v=BN-zqb9modA,Cybersécurité : quels risques pour la crypto ?,
,BFM Crypto,,nPTWnPm2Fh4,https://www.youtube.com/watch?v=nPTWnPm2Fh4,Venezuela : une réserve de bitcoin fantôme ?,
,BFM Crypto,,VGyQJ3nFQoU,https://www.youtube.com/watch?v=VGyQJ3nFQoU,Chine : restriction sur les actifs numériques,
,BFM Crypto,,c8jc-HPEo2s,https://www.youtube.com/watch?v=c8jc-HPEo2s,"Les Experts : Budget 2026, le parcours du combattant",
,BFM Crypto,,7b3ehHAWlw4,https://www.youtube.com/watch?v=7b3ehHAWlw4,Commencer à lire sur le bitcoin,
,Blockchain Backer,,Ef06jGVUxwI,https://www.youtube.com/watch?v=Ef06jGVUxwI,"Prices Catch Bid, Bitcoin Price Chart Hits $78,000, XRP Setup, Altcoins & Historical Bottom Behavior",
,Blockchain Backer,,DlvTFwwjSL0,https://www.youtube.com/watch?v=DlvTFwwjSL0,"Bottom Signals Keep Flashing as Bitcoin Price Chart, Altcoin Market and XRP Mimic Past Bear Endings",
,Blockchain Backer,,uJ77Z2BG-2o,https://www.youtube.com/watch?v=uJ77Z2BG-2o,"Case for the Bulls Continues on Bitcoin, XRP Price Chart & Altcoin Market as Indicators & Macro Rise",
,Blockchain Backer,,htv87D9_mhY,https://www.youtube.com/watch?v=htv87D9_mhY,"Bulls Have the Favor as Bitcoin Price Chart, XRP, Altcoin Market, Technicals and Macro Improve",
,Blockchain Backer,,Mhm7zATGQEo,https://www.youtube.com/watch?v=Mhm7zATGQEo,"This Has Always Been The Value Zone for Bitcoin, XRP and Altcoin Market, High Time Frame Shows It",
,Blockchain Backer,,XOT4T4VS0dM,https://www.youtube.com/watch?v=XOT4T4VS0dM,"RIGHT ON THE EDGE, Bitcoin Price Chart, XRP and Altcoin Market Could Flash Bottom Signal Soon",
,Blockchain Backer,,eA89_3aJePM,https://www.youtube.com/watch?v=eA89_3aJePM,"DEEP VALUE for Bitcoin, XRP Price Chart and Altcoin Market, Bottom Building Signals on Big Timeframe",
,Blockchain Backer,,bDM-oYu0VYU,https://www.youtube.com/watch?v=bDM-oYu0VYU,"Prices Pop for Bitcoin, XRP and Altcoins, Total Market Cap Mimics Bottom Building & Headlines Yo-Yo",
,Blockchain Backer,,zkqp5vyjU0w,https://www.youtube.com/watch?v=zkqp5vyjU0w,"Improving Outlook for XRP Price Chart, Bitcoin and Altcoin Market as Drawdown Transpired Perfectly",
,Blockchain Backer,,QbI6ZCuW_R4,https://www.youtube.com/watch?v=QbI6ZCuW_R4,"Bottom Building Behavior for XRP Price Chart, Bitcoin and Altcoin Market with Indicators & Newswire",
,Blockchain Backer,,lnoC3F-zjqI,https://www.youtube.com/watch?v=lnoC3F-zjqI,"Bull Markets Begin During Accumulation, Bitcoin, XRP Price Chart, Ethereum, and Altcoins Oversold",
,Blockchain Backer,,gZhx0zbxdxM,https://www.youtube.com/watch?v=gZhx0zbxdxM,"All Lined Up, Bitcoin & XRP Price Chart in Value Territory as Sentiment Needs a Boost, It's Normal",
,Blockchain Backer,,SVvFeI9mjiE,https://www.youtube.com/watch?v=SVvFeI9mjiE,"Classic Dynamic for Bitcoin, XRP Price Chart & Altcoin Market Post Capitulation as Narratives Arrive",
,Blockchain Backer,,6fIbupZD0e4,https://www.youtube.com/watch?v=6fIbupZD0e4,"XRP Price Chart, Bitcoin and Altcoins Near Bottom with Indicators & Volume, But On-Chain a Hair Away",
,Blockchain Backer,,S-nUHn5g6zk,https://www.youtube.com/watch?v=S-nUHn5g6zk,"Bottoming Developments Continue for Bitcoin, XRP Price Chart and Altcoins as Market Awaits Volume",
,Blockchain Backer,,BFTPpjwLe8s,https://www.youtube.com/watch?v=BFTPpjwLe8s,"Bottoming Behavior for Bitcoin, XRP Price Chart, & Altcoins as Oversold Conditions Meet Price Levels",
,Blockchain Backer,,ps9t0ZSUc7Y,https://www.youtube.com/watch?v=ps9t0ZSUc7Y,"Navigating Accumulation for XRP Price Chart, Bitcoin and Altcoin Market as Capitulation Completed",
,Blockchain Backer,,PtOyoMXAa_Q,https://www.youtube.com/watch?v=PtOyoMXAa_Q,"Forming Bottoms for Bitcoin, XRP Price Chart & Altcoin Market, Post Capitulation Accumulation Styles",
,Blockchain Backer,,JvdZ5NcdVAQ,https://www.youtube.com/watch?v=JvdZ5NcdVAQ,"High Volume CAPITULATION Happened for XRP Price Chart, Bitcoin and Altcoin Market, Worst Behind Us",
,Blockchain Backer,,NvdOHPgXw20,https://www.youtube.com/watch?v=NvdOHPgXw20,"Capitulation Arrives as Bitcoin, XRP Price Chart and Altcoin Market Crash, Minimum Met, Bottom Hunt",
,Hasheur,,dy4oaqMW0fg,https://www.youtube.com/watch?v=dy4oaqMW0fg,La GRANDE migration crypto a commencé,
,Hasheur,,xsgW-7qQIN4,https://www.youtube.com/watch?v=xsgW-7qQIN4,AAVE : le hack qui paralyse la DeFi,
,Hasheur,,8FYltWLoaJI,https://www.youtube.com/watch?v=8FYltWLoaJI,Nouvelle loi crypto : OBLIGATION de tout déclarer ?,
,Hasheur,,IoTBJhimK5I,https://www.youtube.com/watch?v=IoTBJhimK5I,Le détroit d'Ormuz va marquer l'histoire de Bitcoin,
,Hasheur,,u5-QVpWYg7c,https://www.youtube.com/watch?v=u5-QVpWYg7c,2000$ le bitcoin ? L'endroit parfait pour en miner ?,
,Hasheur,,vN9PkCKNU6I,https://www.youtube.com/watch?v=vN9PkCKNU6I,Le Monde n'avait pas prévu ça,
,Hasheur,,du09cb9U2tA,https://www.youtube.com/watch?v=du09cb9U2tA,Acheter des actions et métaux TOKENISÉES sur la blockchain,
,Hasheur,,PrP3vodTgZg,https://www.youtube.com/watch?v=PrP3vodTgZg,ETHEREUM : sa ROADMAP est FOLLE !,
,Hasheur,,NZ9T2wmtd9o,https://www.youtube.com/watch?v=NZ9T2wmtd9o,Comment BITCOIN se met à jour (et pourquoi c'est si lent),
,Hasheur,,dYsS10EosyI,https://www.youtube.com/watch?v=dYsS10EosyI,BITCOIN : le bon moment pour acheter ?,
,Hasheur,,DjS9ImDoyNE,https://www.youtube.com/watch?v=DjS9ImDoyNE,OpenClaw : comprendre le phénomène qui obsède Internet,
,Hasheur,,v0G4mXLwNeA,https://www.youtube.com/watch?v=v0G4mXLwNeA,Ils reçoivent 2000 BTC GRATUITS,
,Hasheur,,L7lR0BwhRSk,https://www.youtube.com/watch?v=L7lR0BwhRSk,Bitcoin en chute libre : les raisons de la baisse,
,Hasheur,,Nxf3xoRXmNg,https://www.youtube.com/watch?v=Nxf3xoRXmNg,Agressions en France : la situation empire,
,Hasheur,,niQwct8qNAs,https://www.youtube.com/watch?v=niQwct8qNAs,Pourquoi Bitcoin est vendu à tort,
,Hasheur,,Ps1sq3Rrye0,https://www.youtube.com/watch?v=Ps1sq3Rrye0,Ce qui peut faire basculer les cryptos dans les mois à venir,
,Hasheur,,zS2kO1X4zHY,https://www.youtube.com/watch?v=zS2kO1X4zHY,Bitcoin à 24 000$ sur Binance… pendant 60 secondes,
,Hasheur,,IJ62_H6BPBs,https://www.youtube.com/watch?v=IJ62_H6BPBs,2025 : une anomalie pour la crypto,
,Hasheur,,XQUlAtd-DT0,https://www.youtube.com/watch?v=XQUlAtd-DT0,Ce cycle crypto fait craquer tout le monde,
,Hasheur,,Hvn2teShl08,https://www.youtube.com/watch?v=Hvn2teShl08,2 pièces Bitcoin interdites viennent de bouger,
,VoskCoin,,wYJGfovrN4c,https://www.youtube.com/watch?v=wYJGfovrN4c,Home Bitcoin Mining is DYING - In Death Throes,
,VoskCoin,,HCuWckRlV7Q,https://www.youtube.com/watch?v=HCuWckRlV7Q,Azzaminer Real or Scam? 2026 Review,
,VoskCoin,,rOAL5OlWx5Y,https://www.youtube.com/watch?v=rOAL5OlWx5Y,IntegraRacks might be the best Solar Ground Mount Solution,
,VoskCoin,,Y8QHwO3adOg,https://www.youtube.com/watch?v=Y8QHwO3adOg,INSANE Hydro Bitcoin Mining,
,VoskCoin,,ORTV9cHwgjM,https://www.youtube.com/watch?v=ORTV9cHwgjM,Making My Own Electricity for Bitcoin Mining,
,VoskCoin,,VnFR_qFvGYE,https://www.youtube.com/watch?v=VnFR_qFvGYE,Azza Updated Review,
,VoskCoin,,B4xnMLz2urM,https://www.youtube.com/watch?v=B4xnMLz2urM,Starting my Solar Powered Bitcoin Mining Farm Build,
,VoskCoin,,XyyIZeip59A,https://www.youtube.com/watch?v=XyyIZeip59A,Home Bitcoin Mining is DYING and Publicly BTC Miners are DUMPING on YOU,
,VoskCoin,,5Wp6lInPQv0,https://www.youtube.com/watch?v=5Wp6lInPQv0,Cruel Reality of Bitcoin Mining - Speedrunning Bankruptcy,
,VoskCoin,,cb6V2c0xy7M,https://www.youtube.com/watch?v=cb6V2c0xy7M,Infinte Money Glitch - YOU Can Do It At Home,
,VoskCoin,,jlXZawBZdfw,https://www.youtube.com/watch?v=jlXZawBZdfw,What is the BEST Bitaxe or Nerdaxe To Buy? REVEALED!,
,VoskCoin,,iJvhVqpt9Wg,https://www.youtube.com/watch?v=iJvhVqpt9Wg,"Updated Solar Research for Mining, especially Inverters for Single Phase Mining",
,VoskCoin,,HtqixmKYZW8,https://www.youtube.com/watch?v=HtqixmKYZW8,Bitcoin Price Ticker & more - Braiins DECK Review,
,VoskCoin,,xFW1KWVIdWE,https://www.youtube.com/watch?v=xFW1KWVIdWE,Solar Deployment Types and Backfeeding for Bitcoin Mining,
,VoskCoin,,16EBZz1xCyA,https://www.youtube.com/watch?v=16EBZz1xCyA,Bitaxe Gamma 602 Review - Worth The Upgrade?,
,VoskCoin,,4giRUX0xWRM,https://www.youtube.com/watch?v=4giRUX0xWRM,Bitaxe Gamma Vs NerdQAxe++ - Best Mini Bitcoin Miner To Buy?,
,VoskCoin,,7QP0zMUTfMI,https://www.youtube.com/watch?v=7QP0zMUTfMI,$60 Tiny Bitcoin Miner,
,VoskCoin,,G2la3tMgg_0,https://www.youtube.com/watch?v=G2la3tMgg_0,4.8 TH/s Mini Miner - Bitcoin over WiFi!,
,VoskCoin,,cJLfuAAPO1s,https://www.youtube.com/watch?v=cJLfuAAPO1s,Digital Shovel Nanopod 1 Year Review,
,VoskCoin,,d3NoY5aPWiM,https://www.youtube.com/watch?v=d3NoY5aPWiM,NerdOctaxe Gamma Review - Can You Hit A Bitcoin Block?,
,Blockchain Ben,,0MTXgOisp6g,https://www.youtube.com/watch?v=0MTXgOisp6g,My STABLE DeFi Portfolio | April 2024 | $220 per day in TRUE Passive Income!,
,Blockchain Ben,,wkgUI0JADVA,https://www.youtube.com/watch?v=wkgUI0JADVA,Could $PUFF Reach $1? The BEST Chapter 2 Strategy!,
,Blockchain Ben,,vqv8my9VfGk,https://www.youtube.com/watch?v=vqv8my9VfGk,How I am earning 100% APY on Stablecoins Lending on ExtraFi!,
,Blockchain Ben,,7EgnWwHhXVA,https://www.youtube.com/watch?v=7EgnWwHhXVA,DragonSOL just raised 150 SOL in 30 Seconds!,
,Blockchain Ben,,tSHRm4DcKyc,https://www.youtube.com/watch?v=tSHRm4DcKyc,How I Cashed Out $500 From Sportsbook Promos!,
,Blockchain Ben,,MPJkmtaRrEs,https://www.youtube.com/watch?v=MPJkmtaRrEs,Another 400% WIN From portfolio Master!,
,Blockchain Ben,,liLAJsV-Fug,https://www.youtube.com/watch?v=liLAJsV-Fug,Could PUFF Explode on Mantle Chain? Collab With @BiggieBags,
,Blockchain Ben,,3yR4nW7DAdI,https://www.youtube.com/watch?v=3yR4nW7DAdI,My NEW Favorite Analyst! Portfolio Master is CRUSHING IT!,
,Blockchain Ben,,-dK5v-Qh58g,https://www.youtube.com/watch?v=-dK5v-Qh58g,No Loss Guarantee? Could Monstro's Degenz make Everyone a Winner?,
,Blockchain Ben,,KDhvWGmWR6E,https://www.youtube.com/watch?v=KDhvWGmWR6E,PORTFOLIO MASTER IS ON FIRE!,
,Blockchain Ben,,PzsrEm6I1yE,https://www.youtube.com/watch?v=PzsrEm6I1yE,CAIRO BANK IS PUMPING! Could this go to $5???,
,Blockchain Ben,,6SZB3QF2JJ0,https://www.youtube.com/watch?v=6SZB3QF2JJ0,This has potential to CATCH FIRE! | My Honest review,
,Blockchain Ben,,N4GMXiVr-LA,https://www.youtube.com/watch?v=N4GMXiVr-LA,BRAND NEW P2E GAME! | LAST LAND | My Honest Review,
,Blockchain Ben,,kRyoP7T6-bk,https://www.youtube.com/watch?v=kRyoP7T6-bk,BARTCOIN | FINALLY A PROJECT THAT FUFILLS ITS ROADMAP! | My Honest Review,
,Blockchain Ben,,mVebYyhh9t0,https://www.youtube.com/watch?v=mVebYyhh9t0,Based Rate is EXPLODING!,
,Blockchain Ben,,av2U4Q2DCKs,https://www.youtube.com/watch?v=av2U4Q2DCKs,FOCUS ON SAFTEY! Golden Goose Could TAKE OVER The DeFi Bot Space!!!,
,Blockchain Ben,,kdcRrBwWs7M,https://www.youtube.com/watch?v=kdcRrBwWs7M,My Honest Review | Pule Creatures NFTs | Backed by Real Yield!,
,Blockchain Ben,,hSw8aTiypbo,https://www.youtube.com/watch?v=hSw8aTiypbo,This could be a FREE GAMECHANGER! Lemono NFT's,
,Blockchain Ben,,FCT6uj7nj5k,https://www.youtube.com/watch?v=FCT6uj7nj5k,XT.COM Exchange | All Unique Features in and Honest Review!,
,Blockchain Ben,,I8Bpi0pmdw4,https://www.youtube.com/watch?v=I8Bpi0pmdw4,My Favorite Trader is on FIRE! | Alpha CopyTrading,
,CoinCasso,,M3nZjB4s8cc,https://www.youtube.com/watch?v=M3nZjB4s8cc,We are crowdfunding! What in crypto to invest?,
,CoinCasso,,HAgnkeJvrRI,https://www.youtube.com/watch?v=HAgnkeJvrRI,⛓Bitcoin Set For More Sellings Here Is Where It Stops! 💁‍♂️,
,CoinCasso,,me3rn6vZHcQ,https://www.youtube.com/watch?v=me3rn6vZHcQ,Investing in #XRP: Why You Should Buy More 🔥,
,CoinCasso,,m8YEjXqiIrI,https://www.youtube.com/watch?v=m8YEjXqiIrI,Newbies are Getting Hacked! Here are 4 Simple Tips To Learn Cryptocurrency Trading📈,
,CoinCasso,,3nJxOqDNzCg,https://www.youtube.com/watch?v=3nJxOqDNzCg,🥳Will owning these tokens (#ADA) make you rich?🤯,
,CoinCasso,,a-XmIgTc3Q4,https://www.youtube.com/watch?v=a-XmIgTc3Q4,"🎓How to use #Uniswap 2022 ⚡️Opportunities, Price Prediction🌎",
,CoinCasso,,xLhEUTmlWEo,https://www.youtube.com/watch?v=xLhEUTmlWEo,📈How to build a #cryptocurrency portfolio in 2022!🧠 + (Tutorial for beginners),
,CoinCasso,,SKaHTkG5MOY,https://www.youtube.com/watch?v=SKaHTkG5MOY,How make money from cryptocurrencies in 2022 📈#guide,
,CoinCasso,,opa4XdRI-mk,https://www.youtube.com/watch?v=opa4XdRI-mk,"📈Opportunities provided by #BNB, price prediction for 2022🔥",
,CoinCasso,,0946uOftXtQ,https://www.youtube.com/watch?v=0946uOftXtQ,(Crazy) Predictions for the price of the Synthetix (SNX) in 2022🔥 📈,
,CoinCasso,,oW8qsoMcg-Y,https://www.youtube.com/watch?v=oW8qsoMcg-Y,🔥Basic Attention Token (BAT)🔥 Technical Analysis and Price Prediction March 2022📈,
,CoinCasso,,IFgigY_DVqE,https://www.youtube.com/watch?v=IFgigY_DVqE,"#Swipe your wallet! (SXP)- Analysis, Price Prediction for 2022📈",
,CoinCasso,,QYMC9ILP44I,https://www.youtube.com/watch?v=QYMC9ILP44I,👉Will #ChainLink make a new #ATH?🍀 (Price Prediction) #LINK🔥,
,CoinCasso,,wwYEYCCaWRI,https://www.youtube.com/watch?v=wwYEYCCaWRI,BITCOIN AND PEERS  ARE SCREWED!!! HERE IS WHY!!!,
,CoinCasso,,2YlVQCvXbA0,https://www.youtube.com/watch?v=2YlVQCvXbA0,How to Trade Crypto - EP 5 - Supply & Demand Strategy,
,CoinCasso,,vW0Oik7yiPA,https://www.youtube.com/watch?v=vW0Oik7yiPA,TOP 3 CRYPTO COINS TO BUY IN MARCH 2022?!! UNDERVALUED!!!,
,CoinCasso,,ZkuZfCf88cU,https://www.youtube.com/watch?v=ZkuZfCf88cU,How to Trade Crypto - EP 4 - Supply & Demand Trading,
,CoinCasso,,BhLh43JhLS8,https://www.youtube.com/watch?v=BhLh43JhLS8,BITCOIN BULL SCENARIO!!! THIS COULD BE BIG!!!,
,CoinCasso,,reODRXdSymI,https://www.youtube.com/watch?v=reODRXdSymI,How to Trade Crypto - EP 3 - Trendlines and Chart Patterns,
,CoinCasso,,1N2T51JPE9I,https://www.youtube.com/watch?v=1N2T51JPE9I,How to Trade Crypto - EP 2 - Technical Analysis Part 1,
,Bitcoin Expert India,,RsSVp2eUw1Q,https://www.youtube.com/watch?v=RsSVp2eUw1Q,⚠️ URGENT ! ये हो क्या रहा है - TRUMP पर ATTACK ! BITCOIN & CRYPTO पर क्या होगा असर ? IRAN BIG NEWS,
,Bitcoin Expert India,,RDad5LzzaOU,https://www.youtube.com/watch?v=RDad5LzzaOU,2026 - TOP 50 COINS ! इस CRYPTO COINS पर रखना नज़र ! PART -1 ( 15 COINS LIST ) 2026 - STRATEGY ?,
,Bitcoin Expert India,,CRM-ivrzrEw,https://www.youtube.com/watch?v=CRM-ivrzrEw,🟢 आ गई BIG NEWS ! ALTCOINS में अभी भी मौका - 2021 वाली गलती मत करना BITCOIN & CRYPTO में !,
,Bitcoin Expert India,,aXoYzp3F_vQ,https://www.youtube.com/watch?v=aXoYzp3F_vQ,⚠️ अगले 24 से 48 घंटे थोड़ा संभल कर ! होने वाला है फिरसे बड़ा CRASH BITCOIN & CRYPTO में ? US IRAN ?,
,Bitcoin Expert India,,3zkHNfYqAgI,https://www.youtube.com/watch?v=3zkHNfYqAgI,"दूसरे COINS में RECOVERY कब ? BITCOIN $75K, NEXT $140K ? 2026 क्या आएगा CRYPTO BULL RUN ?",
,Bitcoin Expert India,,ZEd0qq1kKKU,https://www.youtube.com/watch?v=ZEd0qq1kKKU,थोड़ा ऊपर जाते ही ये क्या बोल दिया - BITCOIN $140K ? जल्दी दूसरे COINS की बारी - मिल रहे SIGNALS !,
,Bitcoin Expert India,,v5KeBhIp53Y,https://www.youtube.com/watch?v=v5KeBhIp53Y,⚠️ URGENT - जल्दबाजी मत करना BITCOIN CRYPTO GOLD SILVER में - होने वाला है और बड़ा CRASH - क्या करे ?,
,Bitcoin Expert India,,H2ezflvngYY,https://www.youtube.com/watch?v=H2ezflvngYY,मौका मिले तो छोड़ना मत - 2021 वाली गलती मत करना BITCOIN & CRYPTO में ! जल्दी दूसरे COINS की बारी ?,
,Bitcoin Expert India,,0sGmIKqTqUM,https://www.youtube.com/watch?v=0sGmIKqTqUM,CRYPTO का क्या होगा - क्या करें ? ALTCOINS कब होगी RECOVERY ? IRAN US WAR - BIG NEWS !,
,Bitcoin Expert India,,qXNDDTVZHGk,https://www.youtube.com/watch?v=qXNDDTVZHGk,GOOD NEWS SOON ! HISTORY से कुछ सीख लो BITCOIN CRYPTO मे ! पैसे बनाने पर नही SURVIVE पर FOCUS करो !,
,Bitcoin Expert India,,9BK1wk60bws,https://www.youtube.com/watch?v=9BK1wk60bws,⚠️ ALERT रहो ! फूटने वाला है GLOBAL MARKET BUBBLE ? BITCOIN & CRYPTO को बड़ा खतरा ? GLOBAL RECESSION?,
,Bitcoin Expert India,,N8QZKvPUoBo,https://www.youtube.com/watch?v=N8QZKvPUoBo,⚠️ URGENT - APRIL में भी MARCH जैसा हाल BITCOIN & CRYPTO मे ? TRUMP ने फिर कर दी गड़बड़ - क्या करे ?,
,Bitcoin Expert India,,kh6LQRIGSA8,https://www.youtube.com/watch?v=kh6LQRIGSA8,🟢 आ गई BIG NEWS - TRUMP WAR END ? अब होगी BITCOIN & CRYPTO RECOVERY ? RECOVERY के SIGNALS ?,
,Bitcoin Expert India,,8-wLAF1vRXk,https://www.youtube.com/watch?v=8-wLAF1vRXk,ये मौका बार बार नहीं आता - 2021 वाली गलती मत करना BITCOIN & CRYPTO में ! ये क्या बोल दिया TRUMP ने ?,
,Bitcoin Expert India,,lYHtghB0aMA,https://www.youtube.com/watch?v=lYHtghB0aMA,🟢 आ गई BIG NEWS - अब होगी BITCOIN & CRYPTO RECOVERY ? मौका मिले तो छोड़ना मत !,
,Bitcoin Expert India,,7Lz3tnvbD_Q,https://www.youtube.com/watch?v=7Lz3tnvbD_Q,"🚨 URGENT - बाद में मत बोलना बताया नहीं ! BITCOIN GOLD SILVER सब पर पड़ेगा असर, अपनी तैयारी पूरी रखो",
,Bitcoin Expert India,,xOpHJgY1v1A,https://www.youtube.com/watch?v=xOpHJgY1v1A,"⚠️ EMERGENCY सब खत्म ! इतना बड़ा CRASH ! BITCOIN CRYPTO GOLD SILVER CRASHING ! BUT WHY, WHAT TO DO ?",
,Bitcoin Expert India,,HLcq6dIfn10,https://www.youtube.com/watch?v=HLcq6dIfn10,⚠️ ये TRAILER था अभी PICTURE आना बाकी ? GLOBAL CRASH - BITCOIN GOLD SILVER ! MORE CRASH - WHAT TO DO,
,Bitcoin Expert India,,kHotFTQzDjo,https://www.youtube.com/watch?v=kHotFTQzDjo,SHOCKING - ये क्या बोल दिया  - BITCOIN होगा $750K & ETHER $95K ? ALTCOINS भी करेंगे RECOVER ?,
,Bitcoin Expert India,,dOBV9OaXk4I,https://www.youtube.com/watch?v=dOBV9OaXk4I,BITCOIN & CRYPTO BULL RUN - जो 2025 में नहीं हुआ 2026 में होगा ? BULL RUN के अच्छे SIGNALS मिल रहे ?,
,Crypto Deutschland,,qxxK-jXbZbA,https://www.youtube.com/watch?v=qxxK-jXbZbA,Bitcoin: Der Wendepunkt,
,Crypto Deutschland,,BavL0szK288,https://www.youtube.com/watch?v=BavL0szK288,Bitcoin: JETZT geht es runter,
,Crypto Deutschland,,Hxm_2JUKESc,https://www.youtube.com/watch?v=Hxm_2JUKESc,"Bitcoin: Kaum jemand sieht, was passiert!",
,Crypto Deutschland,,pY3Mgt51VGA,https://www.youtube.com/watch?v=pY3Mgt51VGA,Bitcoin: Jetzt kommt die Bullenfalle,
,Crypto Deutschland,,c80uV3Y1URQ,https://www.youtube.com/watch?v=c80uV3Y1URQ,Bitcoin: Eine weitere Falle?,
,Crypto Deutschland,,dtfAas1ahwY,https://www.youtube.com/watch?v=dtfAas1ahwY,Bitcoin: Kommt jetzt der Move durch Friedensverhandlungen?,
,Crypto Deutschland,,bkWEelbECt8,https://www.youtube.com/watch?v=bkWEelbECt8,Bitcoin: Lohnt sich ein Einstieg jetzt noch?,
,Crypto Deutschland,,RbvCJly2bwU,https://www.youtube.com/watch?v=RbvCJly2bwU,Bitcoin: Wiederholt sich die Geschichte?,
,Crypto Deutschland,,gZSeIbWmNAc,https://www.youtube.com/watch?v=gZSeIbWmNAc,Bitcoin: KRIEGSENDE lässt den Markt explodieren,
,Crypto Deutschland,,CoetUO9vEag,https://www.youtube.com/watch?v=CoetUO9vEag,Bitcoin: Trump sorgt HEUTE für den Pump,
,Crypto Deutschland,,RlPHN0xPyxI,https://www.youtube.com/watch?v=RlPHN0xPyxI,Bitcoin: Die Ruhe vor dem Sturm,
,Crypto Deutschland,,NlOQjCAkq-Y,https://www.youtube.com/watch?v=NlOQjCAkq-Y,Bitcoin: Die BÄRENFALLE hat zugeschnappt!,
,Crypto Deutschland,,kvslIA-zfxA,https://www.youtube.com/watch?v=kvslIA-zfxA,Bitcoin: Es kommt anders als erwartet…,
,Crypto Deutschland,,vfAI40qwUoY,https://www.youtube.com/watch?v=vfAI40qwUoY,Bitcoin: Das ist die klassische Bärenfalle!,
,Crypto Deutschland,,pzjcJONSqzA,https://www.youtube.com/watch?v=pzjcJONSqzA,Bitcoin: Alle denken es fällt… großer Fehler!,
,Crypto Deutschland,,v_sE0qNVd2E,https://www.youtube.com/watch?v=v_sE0qNVd2E,Bitcoin: Der nächste Move beginnt JETZT!,
,Crypto Deutschland,,TluhzAdPZWA,https://www.youtube.com/watch?v=TluhzAdPZWA,Bitcoin: Warum der Markt JETZT steigt (Bullishes Signal!),
,Crypto Deutschland,,r0VfdSAC5kY,https://www.youtube.com/watch?v=r0VfdSAC5kY,Bitcoin: Jetzt wird’s ernst!,
,Crypto Deutschland,,xnVPUSzwYqM,https://www.youtube.com/watch?v=xnVPUSzwYqM,So verdiene ich 100€ pro Tag mit Bitcoin Scalping,
,Crypto Deutschland,,gWPi_tdJZS8,https://www.youtube.com/watch?v=gWPi_tdJZS8,Bitcoin: Die Zeit wird knapp,
,Les Rois du Bitcoin,,VQAfpLB3JEU,https://www.youtube.com/watch?v=VQAfpLB3JEU,🚨 BITCOIN - DUMP ANTICIPÉ ? Le JOB est FAIT ! 👑 Analyse Bitcoin FR ⚡,
,Les Rois du Bitcoin,,MrA8I2ji4HU,https://www.youtube.com/watch?v=MrA8I2ji4HU,🔥 BITCOIN - TRAHISON HAUSSIÈRE ! 👑 Analyse Bitcoin FR ⚡,
,Les Rois du Bitcoin,,-_cw-2qhsFQ,https://www.youtube.com/watch?v=-_cw-2qhsFQ,🚨 BITCOIN - DÉBOUCLAGE INÉVITABLE ? 👑 Analyse Bitcoin FR ⚡,
,Les Rois du Bitcoin,,Eph3Z4V0Jao,https://www.youtube.com/watch?v=Eph3Z4V0Jao,🚀 BITCOIN - L'ACCÉLÉRATION RÉELLE ! 👑 Analyse BTC FR ⚡,
,Les Rois du Bitcoin,,CFp2IVjrNy4,https://www.youtube.com/watch?v=CFp2IVjrNy4,🚨 BITCOIN - BULL TRAP CONFIRMÉ ? 👑 Analyse Bitcoin FR ⚡,
,Les Rois du Bitcoin,,AmIFOnnsfc4,https://www.youtube.com/watch?v=AmIFOnnsfc4,🔥 BITCOIN - SUPER PUMP A CONTRE TEMPS ! 👑 Analyse BTC FR ⚡,
,Les Rois du Bitcoin,,tsWv6nebjfk,https://www.youtube.com/watch?v=tsWv6nebjfk,🔥 C’EST MAINTENANT OU JAMAIS : 90 Jours pour GAGNER le MARATHON DES ROIS ! (co-financé par KRAKEN),
,Les Rois du Bitcoin,,IvKYcgUwUJo,https://www.youtube.com/watch?v=IvKYcgUwUJo,🚨 BITCOIN - CAPITULATION FINALE IMMINENTE ! 👑 Analyse Bitcoin FR ⚡,
,Les Rois du Bitcoin,,45DSddrMv7I,https://www.youtube.com/watch?v=45DSddrMv7I,🔥 ALERTE BITCOIN - AUJOURD'HUI TOUT VA PETER ! 👑 Analyse Bitcoin FR ⚡,
,Les Rois du Bitcoin,,bTZf-aDhFsc,https://www.youtube.com/watch?v=bTZf-aDhFsc,🚀 BITCOIN - J-15 AVANT BOTTOM ! 👑 Analyse Bitcoin FR ⚡,
,Les Rois du Bitcoin,,X9y7rV8LcPo,https://www.youtube.com/watch?v=X9y7rV8LcPo,💣 BITCOIN - PURGE MASSIVE DES WHALES ! 👑 Analyse Bitcoin FR ⚡,
,Les Rois du Bitcoin,,Lgi3J_cCGiM,https://www.youtube.com/watch?v=Lgi3J_cCGiM,"🔥 BITCOIN - CHOC IMMINENT, RIEN NE VA PLUS ! 👑 Analyse Bitcoin FR ⚡",
,Les Rois du Bitcoin,,5tq-KzO7E6Y,https://www.youtube.com/watch?v=5tq-KzO7E6Y,🔥 BITCOIN - CHOC TITANESQUE REPORTÉ ! 👑 Analyse Bitcoin FR ⚡,
,Les Rois du Bitcoin,,L6g5Or8GROA,https://www.youtube.com/watch?v=L6g5Or8GROA,🚀 BITCOIN - LE VÉRITABLE PUMP ARRIVE ? 👑 Analyse Bitcoin FR ⚡,
,Les Rois du Bitcoin,,mmP9gQWsK0s,https://www.youtube.com/watch?v=mmP9gQWsK0s,🔥 BITCOIN - LUNDI NOIR IMMINENT ! 👑 Analyse Bitcoin FR ⚡,
,Les Rois du Bitcoin,,Z9gsjXsIrRQ,https://www.youtube.com/watch?v=Z9gsjXsIrRQ,🔔 BITCOIN - LIQUIDATION CATASTROPHIQUE IMMINENTE  ! 👑 Analyse Bitcoin FR ⚡,
,Les Rois du Bitcoin,,MiHtWgNS0n0,https://www.youtube.com/watch?v=MiHtWgNS0n0,🔥 BITCOIN - BULL TRAP FRAPPANT !? 👑 Analyse Bitcoin FR ⚡,
,Les Rois du Bitcoin,,92UPOG63Ofc,https://www.youtube.com/watch?v=92UPOG63Ofc,🔥 BITCOIN LA BIG NEWS EST TOMBÉE ! 👑 Analyse Bitcoin FR ⚡,
,Les Rois du Bitcoin,,K0_TuTuZ2Sk,https://www.youtube.com/watch?v=K0_TuTuZ2Sk,🚀 SHORT SQUEEZE IMMINENT : Le PUMP EXPRESS ARRIVE ? 👑 Analyse Bitcoin FR ⚡,
,Les Rois du Bitcoin,,WMA23Twd1tw,https://www.youtube.com/watch?v=WMA23Twd1tw,"🚀 BITCOIN S' ENVOLE - LA ""GUERRE"" EST FINIE ? 👑 Analyse Bitcoin FR ⚡",
,Wael - Blockchain Academics,,D0YuwisCmKw,https://www.youtube.com/watch?v=D0YuwisCmKw,0.1 Bitcoin Could Be Worth $1 Million? Here's The Math,
,Wael - Blockchain Academics,,VpMDe34kpFc,https://www.youtube.com/watch?v=VpMDe34kpFc,Drift Protocol: THE $285 MILLION HACK,
,Wael - Blockchain Academics,,ntZxk2huamI,https://www.youtube.com/watch?v=ntZxk2huamI,Best Crypto Debit Cards to Spend Your Gains 2026,
,Wael - Blockchain Academics,,b_16HuS1Hzs,https://www.youtube.com/watch?v=b_16HuS1Hzs,War Triggers Bitcoin Crashes... Then Massive Gains?,
,Wael - Blockchain Academics,,5soPEOir_zE,https://www.youtube.com/watch?v=5soPEOir_zE,Bitcoin to Crash Further? Bloomberg Analyst Warns,
,Wael - Blockchain Academics,,zhlHCTXkSVo,https://www.youtube.com/watch?v=zhlHCTXkSVo,Why Polymarket Will Be The Largest Crypto Airdrop in 2026,
,Wael - Blockchain Academics,,ee0AWYfbbwA,https://www.youtube.com/watch?v=ee0AWYfbbwA,The Fed Fights Back: Where This Takes Crypto Next?,
,Wael - Blockchain Academics,,80u00lj8nwQ,https://www.youtube.com/watch?v=80u00lj8nwQ,Nado DEX Just Launched and the Airdrop Is Insane,
,Wael - Blockchain Academics,,OrCQ0VAS_0w,https://www.youtube.com/watch?v=OrCQ0VAS_0w,Michael Saylor Says Bitcoin Is on Sale and He Might Be Right,
,Wael - Blockchain Academics,,H8N5yFhgN14,https://www.youtube.com/watch?v=H8N5yFhgN14,Podcast Scam Draining Crypto Wallets,
,Wael - Blockchain Academics,,Gr-FtvRVhUY,https://www.youtube.com/watch?v=Gr-FtvRVhUY,"Trade Crypto with $100,000 in Funding: Breakout Crypto",
,Wael - Blockchain Academics,,tuo5TTQI75w,https://www.youtube.com/watch?v=tuo5TTQI75w,I Went to Token2049 Singapore Here's What I Found,
,Wael - Blockchain Academics,,SlYAI5s1kjE,https://www.youtube.com/watch?v=SlYAI5s1kjE,Pacifica.fi DEX Airdrop,
,Wael - Blockchain Academics,,XqPyFvU1M6k,https://www.youtube.com/watch?v=XqPyFvU1M6k,Plasma XPL Explained: The Stablecoin Blockchain You Need to Know,
,Wael - Blockchain Academics,,YlKHbJFoqM0,https://www.youtube.com/watch?v=YlKHbJFoqM0,Lighter Airdrop DEX Explained,
,Wael - Blockchain Academics,,6XlWnVDnxks,https://www.youtube.com/watch?v=6XlWnVDnxks,Aster DEX: The Next Hyperliquid?,
,Wael - Blockchain Academics,,pcYE-gYVmL0,https://www.youtube.com/watch?v=pcYE-gYVmL0,Best Crypto Credit Card in 2025 Etherfi,
,Wael - Blockchain Academics,,rwwvUnj4amg,https://www.youtube.com/watch?v=rwwvUnj4amg,OpenSea Airdrop & TGE Explained,
,Wael - Blockchain Academics,,DaZCLaBZUd8,https://www.youtube.com/watch?v=DaZCLaBZUd8,Find the Next 100x Crypto with Launchpads,
,Wael - Blockchain Academics,,krG3uZQNLiA,https://www.youtube.com/watch?v=krG3uZQNLiA,$10K ETH? Altcoins Are Next…,
,Blockchain Crypto,,YG29xaKLfq0,https://www.youtube.com/watch?v=YG29xaKLfq0,"How Much Will 9,684 $XLM Be Worth By 2027? Stellar Price Prediction!!",
,Blockchain Crypto,,XbTDhJILd_A,https://www.youtube.com/watch?v=XbTDhJILd_A,"How Much Will 2,145 $XRP Be Worth By 2027? XRP Price Prediction!!",
,Blockchain Crypto,,ISvxIWoCNo4,https://www.youtube.com/watch?v=ISvxIWoCNo4,"How Much Will 47,935 $KAS Be Worth By 2027? Kaspa Price Prediction!!",
,Blockchain Crypto,,m6vVwm59010,https://www.youtube.com/watch?v=m6vVwm59010,"How Much Will 21,384 $HBAR Be Worth By 2027? Hedera Price Prediction!!",
,Blockchain Crypto,,bZ37ndZsyw0,https://www.youtube.com/watch?v=bZ37ndZsyw0,TOP 5 AI CRYPTO PROJECTS SET TO EXPLODE IN 2026!! (50-350X),
,Blockchain Crypto,,mLCbArkDp6I,https://www.youtube.com/watch?v=mLCbArkDp6I,TOP 6 SOLANA TOKENS THAT COULD MAKE YOU FILTHY RICH IN 2026 (URGENT!!),
,Blockchain Crypto,,oJI_goydqA0,https://www.youtube.com/watch?v=oJI_goydqA0,THESE 5 CRYPTO ALTCOINS WILL 150-350X IN 2026 BULL RUN!!,
,Blockchain Crypto,,y7FoXFwuPSs,https://www.youtube.com/watch?v=y7FoXFwuPSs,THIS NEW CRYPTO COIN COULD BE THE NEXT 100X GEM!! ($UP),
,Blockchain Crypto,,CrqETSL_I6o,https://www.youtube.com/watch?v=CrqETSL_I6o,"How Much Will 14,735 $HBAR Be Worth By 2027? Hedera Price Prediction!!",
,Blockchain Crypto,,-p9vkuDEyqE,https://www.youtube.com/watch?v=-p9vkuDEyqE,"How Much Will 5,286 $XRP Be Worth By 2027? XRP Price Prediction!!",
,Blockchain Crypto,,wnpQVsHO9AA,https://www.youtube.com/watch?v=wnpQVsHO9AA,"How Much Will 11,356 $XLM Be Worth By 2027? Stellar Price Prediction!!",
,Blockchain Crypto,,dzV3HG2tt0A,https://www.youtube.com/watch?v=dzV3HG2tt0A,"How Much Will 41,267 $KAS Be Worth By 2027? Kaspa Price Prediction!!",
,Blockchain Crypto,,hxA5k1mGL-s,https://www.youtube.com/watch?v=hxA5k1mGL-s,"How Much Will 5,739 $HBAR Be Worth By 2027? Hedera Price Prediction!!",
,Blockchain Crypto,,s777QSES7UI,https://www.youtube.com/watch?v=s777QSES7UI,"How Much Will 38,742 $KAS Be Worth By 2027? Kaspa Price Prediction!!",
,Blockchain Crypto,,SZsM5QNHSYQ,https://www.youtube.com/watch?v=SZsM5QNHSYQ,"How Much Will 12,457 $XLM Be Worth By 2027? Stellar Price Prediction!!",
,Blockchain Crypto,,7tG177VgtdU,https://www.youtube.com/watch?v=7tG177VgtdU,"How Much Will 16,927 $HBAR Be Worth By 2027? Hedera Price Prediction!!",
,Blockchain Crypto,,W9zpJ_x1np0,https://www.youtube.com/watch?v=W9zpJ_x1np0,TetherBack – Crypto Cashback Platform | Check Your Exchange & Claim Fees Back,
,Blockchain Crypto,,pAB53ILLFcM,https://www.youtube.com/watch?v=pAB53ILLFcM,"How Much Will 4,389 $XLM Be Worth By 2027? Stellar Price Prediction!!",
,Blockchain Crypto,,Chb41bLuODI,https://www.youtube.com/watch?v=Chb41bLuODI,"How Much Will 8,773 $XRP Be Worth By 2027? XRP Price Prediction!!",
,Blockchain Crypto,,Vn2JaA5mBwc,https://www.youtube.com/watch?v=Vn2JaA5mBwc,"How Much Will 21,569 $HBAR Be Worth By 2027? Hedera Price Prediction!!",
,CoinsKid,,a2gCsD9mfy0,https://www.youtube.com/watch?v=a2gCsD9mfy0,🔥 XRP Daily Analysis | XRP Price Prediction 2026 | Forecast & Key Levels 📈,
,CoinsKid,,oWTTdAXu2pM,https://www.youtube.com/watch?v=oWTTdAXu2pM,🔥 XRP Daily Analysis | XRP Price Prediction 2026 | Forecast & Key Levels 📈,
,CoinsKid,,U_RZS731bHg,https://www.youtube.com/watch?v=U_RZS731bHg,🔥 XRP Daily Analysis | XRP Price Prediction 2026 | Forecast & Key Levels 📈,
,CoinsKid,,7Y6zd4fOHlQ,https://www.youtube.com/watch?v=7Y6zd4fOHlQ,🔥 XRP Daily Analysis | XRP Price Prediction 2026 | Forecast & Key Levels 📈,
,CoinsKid,,aEpz_zEF_xY,https://www.youtube.com/watch?v=aEpz_zEF_xY,🔥 XRP Daily Analysis | XRP Price Prediction 2026 | Forecast & Key Levels 📈,
,CoinsKid,,wjgeUZWK9Ak,https://www.youtube.com/watch?v=wjgeUZWK9Ak,🔥 XRP Daily Analysis | XRP Price Prediction 2026 | Forecast & Key Levels 📈,
,CoinsKid,,JhJjnPUbpFQ,https://www.youtube.com/watch?v=JhJjnPUbpFQ,🔥 XRP Daily Analysis | XRP Price Prediction 2026 | Forecast & Key Levels 📈,
,CoinsKid,,GqbTBFCEvEw,https://www.youtube.com/watch?v=GqbTBFCEvEw,🔥 BITCOIN Daily Analysis | BITCOIN Price Prediction 2026 | Forecast & Key Levels 📈,
,CoinsKid,,S5w40VIn3pw,https://www.youtube.com/watch?v=S5w40VIn3pw,🔥 XRP Daily Analysis | XRP Price Prediction 2026 | Forecast & Key Levels 📈,
,CoinsKid,,GvE9bv0-HWQ,https://www.youtube.com/watch?v=GvE9bv0-HWQ,🔥 XRP Daily Analysis | XRP Price Prediction 2026 | Forecast & Key Levels 📈,
,CoinsKid,,hpQzx4dTGAQ,https://www.youtube.com/watch?v=hpQzx4dTGAQ,🔥 XRP Daily Analysis | XRP Price Prediction 2026 | Forecast & Key Levels 📈,
,CoinsKid,,9SmlRlZSe4Y,https://www.youtube.com/watch?v=9SmlRlZSe4Y,🔥 XRP Daily Analysis | XRP Price Prediction 2026 | Forecast & Key Levels 📈,
,CoinsKid,,9sjRs96RsrE,https://www.youtube.com/watch?v=9sjRs96RsrE,🔥 XRP Daily Analysis | XRP Price Prediction 2026 | Forecast & Key Levels 📈,
,CoinsKid,,6Fzlz08B05k,https://www.youtube.com/watch?v=6Fzlz08B05k,🔥 XRP Daily Analysis | XRP Price Prediction 2026 | Forecast & Key Levels 📈,
,CoinsKid,,VIxS6EvX30M,https://www.youtube.com/watch?v=VIxS6EvX30M,🔥 XRP Daily Analysis | XRP Price Prediction 2026 | Forecast & Key Levels 📈,
,CoinsKid,,s0YMdA_YKEM,https://www.youtube.com/watch?v=s0YMdA_YKEM,🔥 XRP Daily Analysis | XRP Price Prediction 2026 | Forecast & Key Levels 📈,
,CoinsKid,,qntM5f_7YAk,https://www.youtube.com/watch?v=qntM5f_7YAk,🔥 XRP Daily Analysis | XRP Price Prediction 2026 | Forecast & Key Levels 📈,
,CoinsKid,,wTy7A1HHy6I,https://www.youtube.com/watch?v=wTy7A1HHy6I,🔥 XRP & BITCOIN Daily Analysis XRP & BTC Price Prediction 2026 | Forecast & Key Levels 📈,
,CoinsKid,,OfYcDYc8uCM,https://www.youtube.com/watch?v=OfYcDYc8uCM,🔥 XRP & BITCOIN Daily Analysis XRP & BTC Price Prediction 2026 | Forecast & Key Levels 📈,
,CoinsKid,,NOLzNhiBuKM,https://www.youtube.com/watch?v=NOLzNhiBuKM,🔥 XRP & BITCOIN Daily Analysis XRP & BTC Price Prediction 2026 | Forecast & Key Levels 📈,
,Bitcoin Indonesia,,UXEzuue2ttM,https://www.youtube.com/watch?v=UXEzuue2ttM,Apa Itu Trading Futures Kripto? Penjelasan Lengkap Untuk Pemula,
,Bitcoin Indonesia,,Yc23rnCb-LQ,https://www.youtube.com/watch?v=Yc23rnCb-LQ,Waspada Phishing! Tonton Ini Sebelum Terlambat!,
,Bitcoin Indonesia,,uShOTHpWoIA,https://www.youtube.com/watch?v=uShOTHpWoIA,5 Kripto Made in China Paling Potensial 2026,
,Bitcoin Indonesia,,bhc0b6WbwkE,https://www.youtube.com/watch?v=bhc0b6WbwkE,INDODAX Mengucapkan Selamat Hari Raya Idul Fitri 1447 Hijriah,
,Bitcoin Indonesia,,UQWp1roJ68w,https://www.youtube.com/watch?v=UQWp1roJ68w,"4 Altcoin Kuasai RWA 2026, Ini Daftarnya",
,Bitcoin Indonesia,,_-bmEMwkCD4,https://www.youtube.com/watch?v=_-bmEMwkCD4,Jeffrey Epstein Files: Skema Bitcoin Terbongkar?,
,Bitcoin Indonesia,,8jO2DFiR364,https://www.youtube.com/watch?v=8jO2DFiR364,CSR Ramadan Indodax Berbagi dengan 50 Lansia Pasar Cileungsi,
,Bitcoin Indonesia,,iIUL0EQ3leQ,https://www.youtube.com/watch?v=iIUL0EQ3leQ,Staking vs Lending: Strategi Cuan Kripto Tanpa Trading,
,Bitcoin Indonesia,,ibo-EvdIobM,https://www.youtube.com/watch?v=ibo-EvdIobM,Wujudkan Mimpi! Aksi Nyata INDODAX 12th Anniversary Bersama 50 Anak Yatim,
,Bitcoin Indonesia,,U79LYR0Qz-Y,https://www.youtube.com/watch?v=U79LYR0Qz-Y,"Analisis Bloomberg Soal Bitcoin, Emas, dan Silver Terbaru",
,Bitcoin Indonesia,,Wm1cqVu3eBY,https://www.youtube.com/watch?v=Wm1cqVu3eBY,Apa Itu Spread dalam Kripto? Penjelasan Mudah untuk Trader Pemula,
,Bitcoin Indonesia,,5zD7BYOPrks,https://www.youtube.com/watch?v=5zD7BYOPrks,Apa Itu DEX dan Bedanya dengan CEX?,
,Bitcoin Indonesia,,fE0z6oKwHnw,https://www.youtube.com/watch?v=fE0z6oKwHnw,3 Altcoin Tahan Banting Saat Bitcoin Turun,
,Bitcoin Indonesia,,OfJ84dE8ktI,https://www.youtube.com/watch?v=OfJ84dE8ktI,"Pola Pikir Bermasalah, Blockchain Bukan Cuma Kripto, Ini Faktanya!",
,Bitcoin Indonesia,,PNRrg19TuAg,https://www.youtube.com/watch?v=PNRrg19TuAg,MENGAPA ADOPSI KRIPTO DI NEGARA BERKEMBANG BEGITU PESAT?,
,Bitcoin Indonesia,,FIpi0TknNQI,https://www.youtube.com/watch?v=FIpi0TknNQI,Apa Itu Proof of Reserves? Cara Cek Exchange Aman dan Transparan,
,Bitcoin Indonesia,,3f1lk1Qzsko,https://www.youtube.com/watch?v=3f1lk1Qzsko,Apa Itu Stablecoin? Penjelasan Mudah untuk Pemula,
,Bitcoin Indonesia,,zaUIdGtRhCg,https://www.youtube.com/watch?v=zaUIdGtRhCg,Apa Itu Withdraw? Cara Tarik Dana Kripto dengan Aman,
,Bitcoin Indonesia,,XZ8LBfgw8fo,https://www.youtube.com/watch?v=XZ8LBfgw8fo,Apa Itu Margin Call? Kenapa Modal Bisa Habis? #INDODAX,
,Bitcoin Indonesia,,eW7uToxZhTo,https://www.youtube.com/watch?v=eW7uToxZhTo,Bedah Mekanisme Lending DeFi: Over-Collateralized & Keamanan Platform,
,Crypto Flash France,,dqvExP7lbiA,https://www.youtube.com/watch?v=dqvExP7lbiA,LE SAUVETAGE D’AAVE A COMMENCÉ ! LES GÉANTS ARRIVENT 🚨 Actus Crypto 24/04/2026,
,Crypto Flash France,,nKMp9lxndoA,https://www.youtube.com/watch?v=nKMp9lxndoA,CRISE AAVE : LE PLUS GRAND GAGNANT RESTE CACHÉ 😳 Actus Crypto,
,Crypto Flash France,,Onmy2VXpJnw,https://www.youtube.com/watch?v=Onmy2VXpJnw,"BLOCAGE DE AAVE, ET SI ÇA DURAIT LONGTEMPS ?  Actu Crypto 22/04/2025",
,Crypto Flash France,,NE-pb0cKuPU,https://www.youtube.com/watch?v=NE-pb0cKuPU,CRYPTO : RETOUR DES MILLIARDS ET ACHATS MASSIFS ! Actu Crypto 21/04/2025,
,Crypto Flash France,,rN5wEATPk2Q,https://www.youtube.com/watch?v=rN5wEATPk2Q,"NOUVEAU HACK CRYPTO MAJEUR ! AAVE, KELP, L0. Actus Crypto 20/04/2026",
,Crypto Flash France,,EiMWeyG3kPA,https://www.youtube.com/watch?v=EiMWeyG3kPA,😱 CE PRODUIT CRYPTO PEUT DÉTRUIRE VOTRE CAPITAL. STRC,
,Crypto Flash France,,DQ_DrI2hNnY,https://www.youtube.com/watch?v=DQ_DrI2hNnY,🔒 WLFI BLOQUE TOUT : CATASTROPHE POUR LES INVESTISSEURS. Actus Crypto 16/04/2026,
,Crypto Flash France,,9rQ5Y2eWtzw,https://www.youtube.com/watch?v=9rQ5Y2eWtzw,😱 LES CRYPTOS DU FUTUR PATRON DE LA FED RÉVÉLÉES 15/04/2026,
,Crypto Flash France,,5RUL_KwI8D4,https://www.youtube.com/watch?v=5RUL_KwI8D4,🏦CRYPTO : LES ENTREPRISES PRENNENT LE CONTRÔLE . Actus Crypto 14/04/2026,
,Crypto Flash France,,g_EC2rzLrUA,https://www.youtube.com/watch?v=g_EC2rzLrUA,💀 LE SCANDALE WLFI EXPLOSIF ! LE PROJET DE TRUMP DANS LA TOURMENTE.,
,Crypto Flash France,,NizBpQD1Hu4,https://www.youtube.com/watch?v=NizBpQD1Hu4,😱 POURQUOI TAO S’EFFONDRE ? UN GROS RUGPULL ?,
,Crypto Flash France,,PMFnGj3ZI0c,https://www.youtube.com/watch?v=PMFnGj3ZI0c,😱 SATOSHI DÉMASQUÉ ? ENQUÊTE EXPLOSIVE DU NEW YORK TIMES !,
,Crypto Flash France,,Thu1UKbIR2E,https://www.youtube.com/watch?v=Thu1UKbIR2E,DÉCLARER SES CRYPTOS DEVIENT OBLIGATOIRE ! ? Actus Crypto 08/04,
,Crypto Flash France,,5mYpW87le_E,https://www.youtube.com/watch?v=5mYpW87le_E,POURQUOI AAVE EST EN FORTE BAISSE ?! ACTUS CRYPTO 07/04/2026,
,Crypto Flash France,,tCZNSA6eS7o,https://www.youtube.com/watch?v=tCZNSA6eS7o,LE HACK CRYPTO LE PLUS FOU DE L'HISTOIRE ! ACTUS CRYPTO 06/04/2026,
,Crypto Flash France,,mZeGnVeIT4E,https://www.youtube.com/watch?v=mZeGnVeIT4E,ARRÊTEZ DE PAYER TROP DE FRAIS EN CRYPTO ! LA SOLUTION BITVAVO!,
,Crypto Flash France,,lpm6TW11Z2g,https://www.youtube.com/watch?v=lpm6TW11Z2g,LE NOUVEAU BITCOIN DE CIRCLE  ! ACTUS CRYPTO 03/04/2026,
,Crypto Flash France,,E6zPudY7SQY,https://www.youtube.com/watch?v=E6zPudY7SQY,HACK CRYPTO MAJEUR : 285 MILLIONS $ ! ÊTES-VOUS IMPACTÉS ? ACTUS CRYPTO 02/04/2026,
,Crypto Flash France,,xv9e10W99l0,https://www.youtube.com/watch?v=xv9e10W99l0,MIDNIGHT : LA NOUVELLE BLOCKCHAIN DU CRÉATEUR DE CARDANO LANCÉE  Actus Crypto 01/04/2026,
,Crypto Flash France,,x04lXSO5_JI,https://www.youtube.com/watch?v=x04lXSO5_JI,GOOGLE RÉVÈLE UN RISQUE IMMENSE POUR LA CRYPTO… ET LE MARCHÉ N’EST PAS PRÊT! Actus Crypto 31/03/2026,
,MoneyZG,,_FFlnIBuPSs,https://www.youtube.com/watch?v=_FFlnIBuPSs,Crypto Alert: Nobody Realises This!!,
,MoneyZG,,aqwKql7nb5o,https://www.youtube.com/watch?v=aqwKql7nb5o,Blofin Trading Bots Tutorial for Beginners (Crypto DCA and Grid Bots),
,MoneyZG,,5J0LRX-Ptag,https://www.youtube.com/watch?v=5J0LRX-Ptag,How to Sell Crypto & Withdraw Money from Binance App to Bank,
,MoneyZG,,Mwog65OMmLI,https://www.youtube.com/watch?v=Mwog65OMmLI,Crypto Alert: Very Very Good!!,
,MoneyZG,,I3Xq9PzXnM8,https://www.youtube.com/watch?v=I3Xq9PzXnM8,How to Place Trades Directly on TradingView (Connect Brokerage),
,MoneyZG,,Jg1yhVVeUCY,https://www.youtube.com/watch?v=Jg1yhVVeUCY,Crypto Alert: Good Risk Reward Ratio Here!,
,MoneyZG,,wnV6FMOyvbo,https://www.youtube.com/watch?v=wnV6FMOyvbo,Phemex Trading Bots Tutorial for Beginners,
,MoneyZG,,OHEGryAkdBM,https://www.youtube.com/watch?v=OHEGryAkdBM,How to Use Blofin for Beginners in 2026,
,MoneyZG,,31jOXuLc8Dk,https://www.youtube.com/watch?v=31jOXuLc8Dk,CRYPTO ALERT: HERE IT COMES!,
,MoneyZG,,wwAuAE_EgGA,https://www.youtube.com/watch?v=wwAuAE_EgGA,TradingView RS Line Indicator Tutorial (How to Use RS Line Indicator),
,MoneyZG,,LGYcl4hwUOI,https://www.youtube.com/watch?v=LGYcl4hwUOI,Crypto Update: Everything Is Working Out!,
,MoneyZG,,Vnay8KDC4ws,https://www.youtube.com/watch?v=Vnay8KDC4ws,How to Buy S&P 500 Funds for Beginners in 2026,
,MoneyZG,,puq7nXoiEgE,https://www.youtube.com/watch?v=puq7nXoiEgE,"Airwallex Tutorial for Beginners (Setup, Deposit, FX, Withdraw)",
,MoneyZG,,icJbUznZ6XI,https://www.youtube.com/watch?v=icJbUznZ6XI,Crypto Alert: Urgent Update!,
,MoneyZG,,sZCNt-TNOXA,https://www.youtube.com/watch?v=sZCNt-TNOXA,TradingView Stop Loss & Take Profit Order Tutorial,
,MoneyZG,,xiC-na4nwa8,https://www.youtube.com/watch?v=xiC-na4nwa8,Crypto Alert: Few Will Take This Opportunity!!,
,MoneyZG,,xx1wMs1VW4A,https://www.youtube.com/watch?v=xx1wMs1VW4A,How to Send Money to Bank Account in Revolut,
,MoneyZG,,6l356EKlY5g,https://www.youtube.com/watch?v=6l356EKlY5g,Coinbase Tutorial for Beginners 2026!!,
,MoneyZG,,tA9whmclSMU,https://www.youtube.com/watch?v=tA9whmclSMU,Crypto Alert: Panic Setting In?,
,MoneyZG,,QPWamo_zkXg,https://www.youtube.com/watch?v=QPWamo_zkXg,TradingView Stochastic RSI Indicator Tutorial for Beginners,
,Amila Bro,,vNCMqvb_XIE,https://www.youtube.com/watch?v=vNCMqvb_XIE,TradingView A–Z for Beginners Sinhala 2026 Full Update,
,Amila Bro,,Glc_kqaSFaw,https://www.youtube.com/watch?v=Glc_kqaSFaw,Get Laptop Rs.0 මේ පාර අවුරුද්දට Dell i3 Lap එකක් ගෙදරටම Order කරගන්න.,
,Amila Bro,,piCfwrs1Oxk,https://www.youtube.com/watch?v=piCfwrs1Oxk,XM එකේ මේ trick එක දන්නවද? XM Trading CashBack Update 2026,
,Amila Bro,,yC_4xe378QM,https://www.youtube.com/watch?v=yC_4xe378QM,BYBIT P2P Trading Sinhala A-Z Bybit Bank withdrawal Full Tutorial Bank deposit to bybit,
,Amila Bro,,SwIBLRmIZEY,https://www.youtube.com/watch?v=SwIBLRmIZEY,BINANCE SPOT Trade for Beginners 2026 new update sinhala | How to Trade Spot Trading Binance,
,Amila Bro,,rj8Eb0OspGE,https://www.youtube.com/watch?v=rj8Eb0OspGE,How to Trade BYBIT Futures Trading 2026 updated Sinhala | A-Z Guide Beginners Full tutorial,
,Amila Bro,,TBcnrWA3pvg,https://www.youtube.com/watch?v=TBcnrWA3pvg,How to Create XM Account 2026 (Updated) Sinhala | How to Deposit | How to Withdraw A - Z Full,
,Amila Bro,,h38N_5tCDw4,https://www.youtube.com/watch?v=h38N_5tCDw4,Bybit Card එකට Apply කරන හැටි (Step by Step Sinhala Guide),
,Amila Bro,,958efU7hQ68,https://www.youtube.com/watch?v=958efU7hQ68,How to Create BYBIT Account Sinhala 2026 and Get Bybit Card Sri Lanka,
,Amila Bro,,gsekRfODwIA,https://www.youtube.com/watch?v=gsekRfODwIA,Create Binance Account Get iPhone 17,
,Amila Bro,,gpzqywXhmMo,https://www.youtube.com/watch?v=gpzqywXhmMo,Crypto ඉවරයි bitcoin වලට වෙන්න යන දේ  Bitcoin Crash Coming? 😱 | Reality Explained,
,Amila Bro,,Jq_HnLpyK7I,https://www.youtube.com/watch?v=Jq_HnLpyK7I,Chart Analysis Binance Beginners Course Free | Bitcoin Update Sinhala | How to make money,
,Amila Bro,,oeEClWbG6YY,https://www.youtube.com/watch?v=oeEClWbG6YY,How to Create Binance Account 2026 (Updated) Sinhala | How to Trade Spot Trade | Full Guide,
,Amila Bro,,TPi-TkKK5rQ,https://www.youtube.com/watch?v=TPi-TkKK5rQ,"රු 15,600 ක් ($50) task 3කින් හොයමු. Earn MEXC Futures Bonus",
,Amila Bro,,re20R4mXFeA,https://www.youtube.com/watch?v=re20R4mXFeA,How to Create MEXC Account Sinhala - Earn Free Money step by step tutorial,
,Amila Bro,,4abNvYdfXM4,https://www.youtube.com/watch?v=4abNvYdfXM4,Trump Bitcoin එක බිංදුවට යවයි ?,
,Amila Bro,,KngnCrV6GwI,https://www.youtube.com/watch?v=KngnCrV6GwI,XM කරලා ලොස් වුනාද සල්ලි ආපසු ගමු,
,Amila Bro,,2S2HLju5tOE,https://www.youtube.com/watch?v=2S2HLju5tOE,Binance LIVE Trade Full Tutorial Sinhala Spot and Futures,
,Amila Bro,,TXl6O3KAr0I,https://www.youtube.com/watch?v=TXl6O3KAr0I,Trade නොකර online සල්ලි හොයමු.MMT Token Binance,
,Amila Bro,,FqxF2nNbWRs,https://www.youtube.com/watch?v=FqxF2nNbWRs,Gold Trade කරලා ඔයා හැමදාම loss ද එහෙනම් ගොඩ යන්න මේ chart analysis එක බලන්න,
,Brandon Kelly Crypto Trader,,gSt6JijpJdg,https://www.youtube.com/watch?v=gSt6JijpJdg,"ETHEREUM Price Prediction $16,000?! 😳 BK Bitcoin Analysis ETH BTC Today",
,Brandon Kelly Crypto Trader,,v0ybf3ofFsk,https://www.youtube.com/watch?v=v0ybf3ofFsk,"BITCOIN Price Prediction $114,070 | BTC Analysis Today BK Crypto",
,Brandon Kelly Crypto Trader,,zPLuaOWdCz8,https://www.youtube.com/watch?v=zPLuaOWdCz8,DOGECOIN Price Prediction $0.22 | DOGE BTC Analysis Today BK Crypto News,
,Brandon Kelly Crypto Trader,,gHzCfXYM-8w,https://www.youtube.com/watch?v=gHzCfXYM-8w,"BITCOIN Price Prediction $96,283 | BTC Analysis Today BK Crypto",
,Brandon Kelly Crypto Trader,,W1SkUJth2oQ,https://www.youtube.com/watch?v=W1SkUJth2oQ,"BITCOIN Analysis Today $102,552 | BK Crypto BTC Price Prediction",
,Brandon Kelly Crypto Trader,,Ss0UTUZNiec,https://www.youtube.com/watch?v=Ss0UTUZNiec,"BITCOIN Analysis Today $93,995 | BK Crypto BTC Price Prediction",
,Brandon Kelly Crypto Trader,,QXGlqyrE5_8,https://www.youtube.com/watch?v=QXGlqyrE5_8,"El Salvador Bitcoin Price Analysis $96,369 | BK Crypto BTC Price Prediction Today",
,Brandon Kelly Crypto Trader,,Ukt7SkI7k-M,https://www.youtube.com/watch?v=Ukt7SkI7k-M,XRP Coin Technical Analysis | BK Bitcoin Price Prediction Crypto Today,
,Brandon Kelly Crypto Trader,,2p8lVzKiXkE,https://www.youtube.com/watch?v=2p8lVzKiXkE,"BITCOIN Analysis Today $99,343 | BK Crypto BTC Price Prediction",
,Brandon Kelly Crypto Trader,,Uc-i3jnGXbI,https://www.youtube.com/watch?v=Uc-i3jnGXbI,APTOS APT Analysis $8.67 | BK Bitcoin Price Prediction Crypto Today,
,Brandon Kelly Crypto Trader,,RKgOz746s6I,https://www.youtube.com/watch?v=RKgOz746s6I,"BITCOIN Analysis Today $63,588 | BK Crypto BTC Price Prediction",
,Brandon Kelly Crypto Trader,,z6alr6L3umE,https://www.youtube.com/watch?v=z6alr6L3umE,"BITCOIN Price Prediction $61,248 | BTC Analysis Today BK Crypto",
,Brandon Kelly Crypto Trader,,USNplx2pEV4,https://www.youtube.com/watch?v=USNplx2pEV4,"BITCOIN Price Prediction $63,830 | BTC Analysis Today BK Crypto",
,Brandon Kelly Crypto Trader,,ur5oKWwqnS8,https://www.youtube.com/watch?v=ur5oKWwqnS8,Binance BNB Analysis $600 | BK Bitcoin Price Prediction Crypto Today,
,Brandon Kelly Crypto Trader,,eSaoiPAK-tY,https://www.youtube.com/watch?v=eSaoiPAK-tY,"BITCOIN Analysis Today $63,588 | BK Crypto BTC Price Prediction",
,Brandon Kelly Crypto Trader,,Uc18k13tBOw,https://www.youtube.com/watch?v=Uc18k13tBOw,"BITCOIN Price Prediction $63,156 | BTC Analysis Today BK Crypto",
,Brandon Kelly Crypto Trader,,bqWFid6EfSQ,https://www.youtube.com/watch?v=bqWFid6EfSQ,SOLANA SOL Analysis $143 | BK Bitcoin Price Prediction Crypto Today,
,Brandon Kelly Crypto Trader,,TVunO2P5Qd8,https://www.youtube.com/watch?v=TVunO2P5Qd8,"BITCOIN Analysis Today $62,900 | BK Crypto BTC Price Prediction",
,Brandon Kelly Crypto Trader,,ksGd2ZX4f60,https://www.youtube.com/watch?v=ksGd2ZX4f60,"BITCOIN Price Prediction $59,815 | BTC Analysis Today BK Crypto",
,Brandon Kelly Crypto Trader,,KqBxz5PC5-0,https://www.youtube.com/watch?v=KqBxz5PC5-0,ETHEREUM ETH Today $2336 | BK Bitcoin Price Prediction Crypto Analysis,
,Crypto Basics,,2F99AWqmQIM,https://www.youtube.com/watch?v=2F99AWqmQIM,Bitcoin আসল পাম্প দিচ্ছে নাকি এটা ট্র্যাপ? | Bull Run Start or Not? | Crypto Market Latest Update,
,Crypto Basics,,V4aKzSOwe2s,https://www.youtube.com/watch?v=V4aKzSOwe2s,Bear Market শুরু হওয়ার আগেই সতর্ক হোন | Crypto Market Latest Update | Bitcoin Market Update,
,Crypto Basics,,pWiUYnkpBXE,https://www.youtube.com/watch?v=pWiUYnkpBXE,ক্রিপ্টো মার্কেট ছেড়ে GOLD ট্রেডিং করবেন? | Bitcoin নাকি Gold কোনটা ভালো? | Bitcoin vs Gold Trade,
,Crypto Basics,,pVcPFfUtKeM,https://www.youtube.com/watch?v=pVcPFfUtKeM,ক্রিপ্টো মার্কেটের ফিউচার ধ্বংসের মুখে? | Crypto Market Will Collapse? | Bull Run 2026 Update,
,Crypto Basics,,gIJDlkUpgYc,https://www.youtube.com/watch?v=gIJDlkUpgYc,Bitcoin এবার 100K হিট করতে পারবে? | Bitcoin Next Movement? | Crypto Market Update,
,Andreas M. Antonopoulos,,M1XPOFgjNPk,https://www.youtube.com/watch?v=M1XPOFgjNPk,"What US Taxpayers With Crypto NEED to do before Dec 31, 2024 - Get into the Safeharbor!",
,Andreas M. Antonopoulos,,vwkRsp0gqX4,https://www.youtube.com/watch?v=vwkRsp0gqX4,"Bitcoin Halving 2024: How It's Different This Time, Myths Debunked, Bitcoin Bugs, and More",
,Andreas M. Antonopoulos,,AYAreuNzx58,https://www.youtube.com/watch?v=AYAreuNzx58,Lightning Network: what is it? why should I care? what can I do with it? Enjoy bitcoin like its 2013,
,Andreas M. Antonopoulos,,gwABJO-kaM8,https://www.youtube.com/watch?v=gwABJO-kaM8,Buying Bitcoin Using Dollar Cost Averaging & Avoiding Dust UTXO - Self Custody Series - Feb 2024,
,Andreas M. Antonopoulos,,dP5xdXj0Bp4,https://www.youtube.com/watch?v=dP5xdXj0Bp4,Are ETFs better than self custody? Currency Wars 2 and VR Class (1 min video),
,Andreas M. Antonopoulos,,Znzm-WJ0c2U,https://www.youtube.com/watch?v=Znzm-WJ0c2U,Revolutionary Tech Rides on Historic Infrastructure -  Bitcoin and Horses? (short),
,Andreas M. Antonopoulos,,t427XrY6ofw,https://www.youtube.com/watch?v=t427XrY6ofw,"The Surprising Sound of Silence, A Blast from the Past! (1 min video)",
,Andreas M. Antonopoulos,,_Y6xAwBB5_A,https://www.youtube.com/watch?v=_Y6xAwBB5_A,Mastering Crypto Security: Safeguarding Your Digital World Isn't Magic - Jan 2024,
,Andreas M. Antonopoulos,,ePx5lBSI0es,https://www.youtube.com/watch?v=ePx5lBSI0es,Andreas Clarifies: When is Multisig the RIGHT tool to use for your bitcoin security? (January 2024),
,Andreas M. Antonopoulos,,tUZLc0sjlEE,https://www.youtube.com/watch?v=tUZLc0sjlEE,SALE ANNOUNCEMENT: Path to Self Custody Workshop Bundle Sale Through Jan 2024,
,Andreas M. Antonopoulos,,BhAmhATkhPQ,https://www.youtube.com/watch?v=BhAmhATkhPQ,The Power of Bitcoin: Decentralized Security Fuels Global Dominance,
,Andreas M. Antonopoulos,,nRxP3ZyU2FI,https://www.youtube.com/watch?v=nRxP3ZyU2FI,Pinning Attacks on the Bitcoin Network and the Tradeoff Between Censorship and DoS [2023],
,Andreas M. Antonopoulos,,B-4pjUxrujI,https://www.youtube.com/watch?v=B-4pjUxrujI,KISSecurity for Crypto Keys - Don't Lose Your Bitcoin or Ether,
,Andreas M. Antonopoulos,,sjS5qF65Yos,https://www.youtube.com/watch?v=sjS5qF65Yos,MultiSig is NOT the best option for most people to store their bitcoin [June 2023],
,Andreas M. Antonopoulos,,A6Kw0qx6WkM,https://www.youtube.com/watch?v=A6Kw0qx6WkM,Bitcoin is Intentionally Ignorant of Traditional Monetary Policy [June 2023],
,Andreas M. Antonopoulos,,P1Mi608a318,https://www.youtube.com/watch?v=P1Mi608a318,How Chris Lost His Bitcoin & How You Can Avoid Doing The Same - June 2023,
,Andreas M. Antonopoulos,,KvDJF4n6JSg,https://www.youtube.com/watch?v=KvDJF4n6JSg,AI + Cryptocurrency + Death = Self Owning Cars? [June 2023],
,Andreas M. Antonopoulos,,s-aGTK5da4Q,https://www.youtube.com/watch?v=s-aGTK5da4Q,Your Crypto Safehouse: Why Your Bitcoin Isn't Lost if Your Hardware Wallet Breaks,
,Andreas M. Antonopoulos,,S8uQ9Q953MU,https://www.youtube.com/watch?v=S8uQ9Q953MU,CBDCs: the ULTIMATE Means of Financial Control with Surveillance as a Feature,
,Bitcoin Trading Challenge,,MVrSnBqnETQ,https://www.youtube.com/watch?v=MVrSnBqnETQ,Free Arbitrage Tools for Prediction Markets,
,Bitcoin Trading Challenge,,SU7VSm2ASXo,https://www.youtube.com/watch?v=SU7VSm2ASXo,The Fastest Sports Data Provider (Bots on Bolt!),
,Bitcoin Trading Challenge,,_XZSjQT7a1o,https://www.youtube.com/watch?v=_XZSjQT7a1o,Prediction Markets are better than Crypto Exchanges.,
,Bitcoin Trading Challenge,,Gb8hNUKTFPE,https://www.youtube.com/watch?v=Gb8hNUKTFPE,The Best Copy/Counter Trader Tool,
,Bitcoin Trading Challenge,,NCkyNiyxzzg,https://www.youtube.com/watch?v=NCkyNiyxzzg,Three Oscar Plays (Polymarket + Kiyotaka),
,Bitcoin Trading Challenge,,Cnc2COGSIfQ,https://www.youtube.com/watch?v=Cnc2COGSIfQ,The Secret(s) to Beating Kalshi,
,Bitcoin Trading Challenge,,ZNahuHJg2ns,https://www.youtube.com/watch?v=ZNahuHJg2ns,Amazing Free Market Making Tool (Kalshi),
,Bitcoin Trading Challenge,,KvIkEdDyIjo,https://www.youtube.com/watch?v=KvIkEdDyIjo,How to Bet Against Anyone's Parlay (Kalshi)!,
,Bitcoin Trading Challenge,,Jk1fzXKfpkM,https://www.youtube.com/watch?v=Jk1fzXKfpkM,The Best Prediction Market Indicator?,
,Bitcoin Trading Challenge,,5XFjtnDDy0c,https://www.youtube.com/watch?v=5XFjtnDDy0c,Fantastic Gold/Siver Sentiment Tool,
,Bitcoin Trading Challenge,,JqU1_IMg9YE,https://www.youtube.com/watch?v=JqU1_IMg9YE,Fantastic Mention Market Alpha,
,Bitcoin Trading Challenge,,PmU00RK766Q,https://www.youtube.com/watch?v=PmU00RK766Q,Fantastic Order Flow Platform,
,Bitcoin Trading Challenge,,PDYln59xzeo,https://www.youtube.com/watch?v=PDYln59xzeo,My 2025 PNL!,
,Bitcoin Trading Challenge,,YWUWdvgCYy0,https://www.youtube.com/watch?v=YWUWdvgCYy0,3 EXPERT Tips to Beat Kalshi!,
,Bitcoin Trading Challenge,,UDaNTr8bAFw,https://www.youtube.com/watch?v=UDaNTr8bAFw,Beat the Market with Altcoin Baskets (Insilico),
,Bitcoin Trading Challenge,,x_mmr0FsGkQ,https://www.youtube.com/watch?v=x_mmr0FsGkQ,Prediction Markets are all Priced Wrong,
,Bitcoin Trading Challenge,,ExCC11Ba_50,https://www.youtube.com/watch?v=ExCC11Ba_50,Beat Kalshi and Polymarket with This!,
,Bitcoin Trading Challenge,,JscMKO9LYtE,https://www.youtube.com/watch?v=JscMKO9LYtE,Parlay Anything on Polymarket!,
,Bitcoin Trading Challenge,,YHUZTT174eU,https://www.youtube.com/watch?v=YHUZTT174eU,Top Ten Categories on Polymarket/Kalshi!,
,Bitcoin Trading Challenge,,wjkP7bVIcOQ,https://www.youtube.com/watch?v=wjkP7bVIcOQ,The Real Reason 99% Lose,
,Crypto Le Trone,,8udldoRlS64,https://www.youtube.com/watch?v=8udldoRlS64,"BITCOIN : PIÈGE BAISSIER & EXPLOSION des $80,000 !",
,Crypto Le Trone,,LaS0F21ArL4,https://www.youtube.com/watch?v=LaS0F21ArL4,PROCHAIN BULL RUN : CES ALTCOINS EXPLOSERONT ! 🚀,
,Crypto Le Trone,,lcfpIrl5eaU,https://www.youtube.com/watch?v=lcfpIrl5eaU,IRAN : USA ÇA CHAUFFE ! RISQUE pour les MARCHÉS ? 🚨,
,Crypto Le Trone,,Ib2hVejOES0,https://www.youtube.com/watch?v=Ib2hVejOES0,🚨 ALERTE BITCOIN !  IRAN - USA : REPRISE DU CONFLIT ?,
,Crypto Le Trone,,--eOMMhRPf8,https://www.youtube.com/watch?v=--eOMMhRPf8,LES ALTCOINS en CHUTE LIBRE ! (ne te fais pas avoir),
,Crypto Le Trone,,PVpHXWLXaqY,https://www.youtube.com/watch?v=PVpHXWLXaqY,ATTENTION ! LE PÉTROLE REMONTE ! TRUMP NOUS MENT ?,
,Crypto Le Trone,,2E2WuZc25r4,https://www.youtube.com/watch?v=2E2WuZc25r4,"BITCOIN BIENTÔT $80,000 !! MAIS ATTENTION ! (Le marché comprend que Trump ment)",
,Crypto Le Trone,,s_SI249J_8A,https://www.youtube.com/watch?v=s_SI249J_8A,BITCOIN ENVOIE UN MAUVAIS SIGNAL POUR LES ALTCOINS ! 🚨,
,Crypto Le Trone,,Q5djV9eNFQw,https://www.youtube.com/watch?v=Q5djV9eNFQw,TRUMP FAIT TOUT POUR QUE LES MARCHÉS NE CHUTENT PAS !,
,Crypto Le Trone,,c1mo0Vm1-So,https://www.youtube.com/watch?v=c1mo0Vm1-So,ALERTE BITCOIN ! TRUMP ÉTEND LE CESSEZ-LE-FEU !! 🚀,
,Crypto Le Trone,,vDrnaR4yuBs,https://www.youtube.com/watch?v=vDrnaR4yuBs,ALTCOIN SAISON : ON EN EST OÙ ? (comment s'y préparer),
,Crypto Le Trone,,8G_wERPyGQU,https://www.youtube.com/watch?v=8G_wERPyGQU,Le RALLY des INDICES PAS TERMINÉ ? (ça explose),
,Crypto Le Trone,,MjLtfeXsJGY,https://www.youtube.com/watch?v=MjLtfeXsJGY,ALERTE BITCOIN ! 🚨 PIÈGE AVANT LA PROCHAINE HAUSSE ?,
,Crypto Le Trone,,A7cn-S_tllk,https://www.youtube.com/watch?v=A7cn-S_tllk,ALTCOINS 🚨 DANGER IMMINENT À CAUSE d'IRAN - USA,
,Crypto Le Trone,,hDy2cMFM4jY,https://www.youtube.com/watch?v=hDy2cMFM4jY,IRAN - USA : UN ACCORD EN DANGER ! 🚨 (Risque pour les marchés),
,Crypto Le Trone,,7p_6x7Wz6Jc,https://www.youtube.com/watch?v=7p_6x7Wz6Jc,URGENT BITCOIN ! 🚨 SIGNAL DE RETOURNEMENT POSSIBLE !,
,Crypto Le Trone,,dVScIQec9Ns,https://www.youtube.com/watch?v=dVScIQec9Ns,ALERTE BITCOIN ! 🚨 CONFLIT IRAN USA PEUT REPRENDRE !!,
,Crypto Le Trone,,KBlUHgYnAgw,https://www.youtube.com/watch?v=KBlUHgYnAgw,"BITCOIN : NEWS EXCELLENTES !! $80,000 BIENTÔT !? 🚀",
,Crypto Le Trone,,-s3uoLJAVew,https://www.youtube.com/watch?v=-s3uoLJAVew,ALTCOINS : CONFIRMATION des SIGNAUX ! (Bitcoin doit pas tout gâcher),
,Crypto Le Trone,,dEc3Rmo-zQg,https://www.youtube.com/watch?v=dEc3Rmo-zQg,DÉNI PSYCHOLOGIQUE sur les MARCHÉS ! ATTENTION !,
,SwissCryptoJay,,3vvXCS_uKFk,https://www.youtube.com/watch?v=3vvXCS_uKFk,INTEL mit Rakete +20% | Bitcoin vor dem Breakout?,
,SwissCryptoJay,,SBD-0DjZcPs,https://www.youtube.com/watch?v=SBD-0DjZcPs,Bitcoin & XRP – Die nächste große Bewegung kommt!,
,SwissCryptoJay,,Gtf4tU-_Yu8,https://www.youtube.com/watch?v=Gtf4tU-_Yu8,Bitcoin vor dem Durchbruch? Diese 3 Events entscheiden es!,
,SwissCryptoJay,,lmHgQQvCbaM,https://www.youtube.com/watch?v=lmHgQQvCbaM,Kevin Warsh übernimmt! Bitcoin & Krypto vor CRASH oder Rally,
,SwissCryptoJay,,aaA6Qthh0qk,https://www.youtube.com/watch?v=aaA6Qthh0qk,BTC - Das richtige Risikomanagement!,
,SwissCryptoJay,,AYRjn7f3gjM,https://www.youtube.com/watch?v=AYRjn7f3gjM,Iran eskaliert JETZT — was Bitcoin als nächstes macht!,
,SwissCryptoJay,,xcbe6pEeMds,https://www.youtube.com/watch?v=xcbe6pEeMds,Bitcoin Explosion? Nach SP500 & Nasdaq All TIME HIGH?,
,SwissCryptoJay,,eUMi4xWP1fo,https://www.youtube.com/watch?v=eUMi4xWP1fo,Bitcoin zieht an – aber das ist die gefährliche Falle!,
,SwissCryptoJay,,WL9qC0egGzE,https://www.youtube.com/watch?v=WL9qC0egGzE,BTC - Trendkanal weiterhin aktiv!,
,SwissCryptoJay,,af4yrWUCA_o,https://www.youtube.com/watch?v=af4yrWUCA_o,Daytrading neue Long Einstiege für ETH & BTC Dank Hormus!,
,SwissCryptoJay,,YalknDwc-BU,https://www.youtube.com/watch?v=YalknDwc-BU,Bitcoin Einstiege im aktuellen Markt – Meine Analyse!,
,SwissCryptoJay,,dy2Bjet0vkw,https://www.youtube.com/watch?v=dy2Bjet0vkw,Bitcoin: 76'000$ Trigger! Warum der Iran Deal ALLES verändert 🚀,
,SwissCryptoJay,,89DK0czPO60,https://www.youtube.com/watch?v=89DK0czPO60,Bitcoin nach Trump Deadline – Crash kommt noch?,
,SwissCryptoJay,,wJYnxNLdTg8,https://www.youtube.com/watch?v=wJYnxNLdTg8,So wirst du mit Bitcoin reich (ohne Trading Stress)!,
,SwissCryptoJay,,ivqLw3qlTQc,https://www.youtube.com/watch?v=ivqLw3qlTQc,Bitcoin unter 65k: Trumps Friedens-Narrativ am Ende?,
,SwissCryptoJay,,4O92WjL0aEY,https://www.youtube.com/watch?v=4O92WjL0aEY,Bitcoin pumpt – aber genau das ist das Problem!,
,SwissCryptoJay,,l7NqQgh56A0,https://www.youtube.com/watch?v=l7NqQgh56A0,Bitcoin Preis kann noch tiefer fallen! ABER das Wichtigste ist jetzt,
,SwissCryptoJay,,IBBey5NSWks,https://www.youtube.com/watch?v=IBBey5NSWks,BTC Analyse: Rising Wedge oder Trendkanal? Wo geht die Reise hin?,
,SwissCryptoJay,,VNQ5k3tiMOY,https://www.youtube.com/watch?v=VNQ5k3tiMOY,Bitcoin: Warum professionelle Trader vor diesem Krieg warnen,
,SwissCryptoJay,,SEuzKpwrWPU,https://www.youtube.com/watch?v=SEuzKpwrWPU,Bitcoin Short Update zur aktuellen Lage!,
,Bitcoin TV,,nC37CqWpxfI,https://www.youtube.com/watch?v=nC37CqWpxfI,Interview with Jack Dorsey  -  by  Michael Saylor,
,Bitcoin TV,,4rbZud4Xa0E,https://www.youtube.com/watch?v=4rbZud4Xa0E,National Adoption of Bitcoin - Andreas Antonopoulos,
,Bitcoin TV,,NAQX3_ixMzs,https://www.youtube.com/watch?v=NAQX3_ixMzs,"""Bitcoin & Institutional Investors"" - Tom Lee",
,Bitcoin TV,,CbZzF_hzjUs,https://www.youtube.com/watch?v=CbZzF_hzjUs,"""Bitcoin Market Size 2020"" - Tom Lee",
,Bitcoin TV,,4MnJxPvfaq8,https://www.youtube.com/watch?v=4MnJxPvfaq8,"""The Journey of Bitcoin's Price Discovery""  - Dan Held",
,Bitcoin TV,,wJNmTsZLFck,https://www.youtube.com/watch?v=wJNmTsZLFck,"""The Roots of Bitcoin"" - Saifedean Ammous",
,Bitcoin TV,,mMNqfGRlUiw,https://www.youtube.com/watch?v=mMNqfGRlUiw,"""What Is The Next Bitcoin ?"" - Andreas Antonopoulos",
,Bitcoin TV,,D8ZeIi4n3Os,https://www.youtube.com/watch?v=D8ZeIi4n3Os,"""Where Is Bitcoin Heading ?"" - David Nage",
,Bitcoin TV,,ecTSRK2rlgo,https://www.youtube.com/watch?v=ecTSRK2rlgo,"""Profitability of Crypto Exchanges"" - Tom Lee",
,Bitcoin TV,,9LNZa1aEJxs,https://www.youtube.com/watch?v=9LNZa1aEJxs,"""Bitcoin Early Days"" - Charlie Shrem",
,Bitcoin TV,,-i8dOqRrvZ4,https://www.youtube.com/watch?v=-i8dOqRrvZ4,"""London Real II"" - Andreas Antonopoulos",
,Bitcoin TV,,llh_0Q74Iyo,https://www.youtube.com/watch?v=llh_0Q74Iyo,"""Bitcoin Liquidity Update 2019"" - Nicholas Merten",
,Bitcoin TV,,4pjuURRsaHE,https://www.youtube.com/watch?v=4pjuURRsaHE,"""Bitcoin Market Prospects in 2019"" - Tom Lee",
,Bitcoin TV,,EJFjtAJKfgw,https://www.youtube.com/watch?v=EJFjtAJKfgw,Creating Peace Through Justice - Andreas Antonopoulos,
,Bitcoin TV,,jQ5H-1YpqmM,https://www.youtube.com/watch?v=jQ5H-1YpqmM,"""Unstoppable Immutability of Bitcoin"" - Katie Haun",
,Bitcoin TV,,XyGrazSFQX8,https://www.youtube.com/watch?v=XyGrazSFQX8,"""Bitcoin And The Laws of Math"" - Andreas Antonopoulos",
,Bitcoin TV,,1w0XAkr1ROM,https://www.youtube.com/watch?v=1w0XAkr1ROM,"""Why Bitcoin ?"" - Jeffrey Wernick",
,Bitcoin TV,,8N7dRYUlTF8,https://www.youtube.com/watch?v=8N7dRYUlTF8,"""Bitcoin Is Trading Below Mining Costs"" - Tom Lee",
,Bitcoin TV,,dTxN5Aqem78,https://www.youtube.com/watch?v=dTxN5Aqem78,"""Proof Of Work Changes"" - Andreas Antonopoulos",
,Bitcoin TV,,ZT13GmTUBII,https://www.youtube.com/watch?v=ZT13GmTUBII,"""HODL On To Bitcoin"" - Tom Lee",
,Christian Victorius,,SPiWluhIJWc,https://www.youtube.com/watch?v=SPiWluhIJWc,BITCOIN REJECT 78K‼️OTW RETEST KE 70K-69K⁉️,
,Christian Victorius,,591Fo9i-GfA,https://www.youtube.com/watch?v=591Fo9i-GfA,BITCOIN KONSOLIDASI BEAR FLAG‼️BERSIAP UNTUK SELL IN MAY AND GO AWAY⁉️,
,Christian Victorius,,43LuHYuzyEU,https://www.youtube.com/watch?v=43LuHYuzyEU,BITCOIN 74K⁉️SUDAH BALIK BULL ATAU HANYA BULL TRAP⁉️,
,Christian Victorius,,3n3T5A1gc_E,https://www.youtube.com/watch?v=3n3T5A1gc_E,BITCOIN TERJUN LAGI‼️KARENA US DAN IRAN AKAN PERANG LAGI‼️,
,Christian Victorius,,M_tR5VpL7O4,https://www.youtube.com/watch?v=M_tR5VpL7O4,FULL ANALISA BITCOIN APRIL DAN SETELAH PERANG‼️,
,Christian Victorius,,ldz-86oow3o,https://www.youtube.com/watch?v=ldz-86oow3o,TAMAT‼️BITCOIN REJECT DAN RISING WEDGE DAILY! PENURUNAN DALAM AKAN SEGERA DI MULAI‼️,
,Christian Victorius,,c6LYEuJgkQY,https://www.youtube.com/watch?v=c6LYEuJgkQY,ALTCOIN BERBONDONG BONDONG SHUTDOWN‼️ALTCOIN SCAM 2026‼️,
,Christian Victorius,,FTTe64zZDmQ,https://www.youtube.com/watch?v=FTTe64zZDmQ,ANALISA BEAR MARKET‼️LIQUIDATION MAP OTW 50-40K‼️,
,Christian Victorius,,4wj2FCZR06Q,https://www.youtube.com/watch?v=4wj2FCZR06Q,MARKET SEDANG BEARISH‼️GARAP AIRDROP DAPAT SAHAM GRATIS $3.5‼️,
,Christian Victorius,,V7E9x049-FY,https://www.youtube.com/watch?v=V7E9x049-FY,PREDIKSI PENUTUPAN Q1 YANG BEARISH DAN OPENING DI Q2‼️,
,Christian Victorius,,8Ylu-do92v8,https://www.youtube.com/watch?v=8Ylu-do92v8,BITCOIN CRASH BREAKDOWN KE 65K‼️BYE BYE 70K DAN OTW 57K‼️,
,Christian Victorius,,N97LRgq1usc,https://www.youtube.com/watch?v=N97LRgq1usc,PREDIKSI BITCOIN DAN EMAS SETELAH LEBARAN‼️,
,Christian Victorius,,1fC-9TzAjKE,https://www.youtube.com/watch?v=1fC-9TzAjKE,BITCOIN CRASH DI HARI LEBARAN OTW 58K‼️,
,Christian Victorius,,Fi_3620hZGQ,https://www.youtube.com/watch?v=Fi_3620hZGQ,GAWAT‼️POLA 2022 TERULANG‼️BITCOIN OTW 57-56K SEKARANG‼️,
,Christian Victorius,,xa_u1cCnj90,https://www.youtube.com/watch?v=xa_u1cCnj90,BITCOIN HIT 76K‼️NAIK UNTUK DIBANTING PAS LEBARAN⁉️,
,Christian Victorius,,Z_41hwKBH6E,https://www.youtube.com/watch?v=Z_41hwKBH6E,SHOOTING STAR INVALID‼️LANGSUNG KE 78-80K KAH⁉️,
,Christian Victorius,,XkVxbi7NdF0,https://www.youtube.com/watch?v=XkVxbi7NdF0,BESOK SENIN MANIPULASI‼️SHOOTING STAR ATAU HNS⁉️,
,Christian Victorius,,_i6mSsRHQg4,https://www.youtube.com/watch?v=_i6mSsRHQg4,GAWAT! BITCOIN SHOOTING STAR‼️SUDAH REJECT DAN GAGAL KE 78-80K KAH⁉️,
,Christian Victorius,,EhMXsUd7mgA,https://www.youtube.com/watch?v=EhMXsUd7mgA,JANGAN KENA PERANGKAP‼️BITCOIN NAIK DULU UNTUK TERJUN LEBIH DALAM‼️,
,Christian Victorius,,T8QFB4y5ARs,https://www.youtube.com/watch?v=T8QFB4y5ARs,"BITCOIN REVERSAL, TARGET SELANJUTNYA KEMANA‼️",
